lat, lon, mat_anm_mean, mat_se_mean, mat_tstat,mat_sig, mat_sig_val,mat_npts
   69.000000,  -161.000000,         2.3591,         1.1362,         2.0763,         1.0000,         2.3591,     2
   67.000000,  -157.000000,        -3.0103,         1.1362,        -2.6494,        -1.0000,        -3.0103,     2
   67.000000,  -153.000000,        -4.4026,         1.1362,        -3.8747,        -1.0000,        -4.4026,     2
   67.000000,  -149.000000,        13.3879,         1.1362,        11.7826,         1.0000,        13.3879,     2
   65.000000,  -147.000000,        -3.3921,         1.1362,        -2.9853,        -1.0000,        -3.3921,     2
   67.000000,  -143.000000,         8.0664,         1.3925,         5.7929,         1.0000,         8.0664,     3
   69.000000,  -139.000000,        -0.9993,         0.8438,        -1.1843,         0.0000,         0.0000,     3
   45.000000,  -123.000000,        -4.8750,         1.4068,        -3.4653,        -1.0000,        -4.8750,     1
   47.000000,  -123.000000,        -7.8430,         1.2643,        -6.2034,        -1.0000,        -7.8430,     1
   45.000000,  -121.000000,         3.4040,         0.3337,        10.2008,         1.0000,         3.4040,     1
   33.000000,  -109.000000,        -8.3345,         0.7159,       -11.6418,        -1.0000,        -8.3345,     2
   29.000000,   -99.000000,        -5.0000,         0.3571,       -14.0017,        -1.0000,        -5.0000,     1
   39.000000,   -93.000000,       -16.0720,         0.9132,       -17.5996,        -1.0000,       -16.0720,     1
   41.000000,   -91.000000,       -15.0770,         1.8634,        -8.0911,        -1.0000,       -15.0770,     1
   35.000000,   -85.000000,       -12.7565,         0.4964,       -25.6998,        -1.0000,       -12.7565,     2
   37.000000,   -85.000000,       -11.6115,         0.6483,       -17.9099,        -1.0000,       -11.6115,     2
   27.000000,   -81.000000,        -2.0550,         1.0451,        -1.9663,         0.0000,         0.0000,     1
   33.000000,   -81.000000,        -4.0000,         0.2551,       -15.6801,        -1.0000,        -4.0000,     1
   35.000000,   -81.000000,       -15.5090,         0.7828,       -19.8122,        -1.0000,       -15.5090,     1
   33.000000,   -79.000000,       -14.2760,         0.7431,       -19.2114,        -1.0000,       -14.2760,     1
   35.000000,   -79.000000,       -15.6210,         0.5908,       -26.4404,        -1.0000,       -15.6210,     1
   37.000000,   -77.000000,       -14.9730,         0.2393,       -62.5700,        -1.0000,       -14.9730,     1
   41.000000,   -75.000000,        -8.3800,         0.4777,       -17.5424,        -1.0000,        -8.3800,     1
   -7.000000,   -41.000000,        -5.4000,         0.5612,        -9.6222,        -1.0000,        -5.4000,     1
   43.000000,    -7.000000,        -8.3000,         2.6786,        -3.0986,        -1.0000,        -8.3000,     1
   37.000000,    -3.000000,        -7.1000,         1.1990,        -5.9216,        -1.0000,        -7.1000,     1
    7.000000,    -1.000000,        -2.0000,         1.5816,        -1.2645,         0.0000,         0.0000,     1
   43.000000,    -1.000000,        -3.4500,         1.4612,        -2.3611,        -1.0000,        -3.4500,     2
   43.000000,     3.000000,        -6.7000,         1.8367,        -3.6478,        -1.0000,        -6.7000,     1
   45.000000,     3.000000,        -8.9000,         2.6786,        -3.3226,        -1.0000,        -8.9000,     1
   45.000000,     5.000000,       -13.9000,         2.2704,        -6.1223,        -1.0000,       -13.9000,     1
   47.000000,     7.000000,       -11.3000,         1.6837,        -6.7114,        -1.0000,       -11.3000,     1
    5.000000,     9.000000,        -3.4000,         0.7653,        -4.4427,        -1.0000,        -3.4000,     1
   11.000000,    13.000000,        -6.4000,         1.0714,        -5.9735,        -1.0000,        -6.4000,     1
   41.000000,    13.000000,        -6.6000,         2.8316,        -2.3308,        -1.0000,        -6.6000,     1
  -25.000000,    15.000000,       -10.3000,         2.3469,        -4.3888,        -1.0000,       -10.3000,     1
   -5.000000,    15.000000,        -2.8000,         0.9184,        -3.0488,        -1.0000,        -2.8000,     1
   41.000000,    15.000000,        -5.6000,         2.1684,        -2.5825,        -1.0000,        -5.6000,     1
  -33.000000,    19.000000,        -9.6000,         1.4031,        -6.8420,        -1.0000,        -9.6000,     1
  -25.000000,    19.000000,        -5.3000,         0.2551,       -20.7762,        -1.0000,        -5.3000,     1
   21.000000,    19.000000,        -6.4000,         1.3265,        -4.8247,        -1.0000,        -6.4000,     1
   69.000000,    19.000000,        -7.4000,         3.2398,        -2.2841,        -1.0000,        -7.4000,     1
   39.000000,    21.000000,        -8.1000,         2.0408,        -3.9690,        -1.0000,        -8.1000,     1
   41.000000,    21.000000,        -5.2000,         2.1939,        -2.3702,        -1.0000,        -5.2000,     1
   39.000000,    23.000000,        -5.2000,         1.7347,        -2.9976,        -1.0000,        -5.2000,     1
  -33.000000,    25.000000,        -5.5000,         0.8163,        -6.7377,        -1.0000,        -5.5000,     1
  -27.000000,    25.000000,        -7.7000,         2.2959,        -3.3538,        -1.0000,        -7.7000,     1
   41.000000,    25.000000,        -5.1000,         2.4490,        -2.0825,        -1.0000,        -5.1000,     1
   49.000000,    27.000000,       -10.9667,         1.4611,        -7.5057,        -1.0000,       -10.9667,     3
  -29.000000,    29.000000,        -2.7000,         1.7910,        -1.5075,         0.0000,         0.0000,     2
  -25.000000,    29.000000,        -8.4000,         1.6327,        -5.1449,        -1.0000,        -8.4000,     1
   -5.000000,    29.000000,        -1.3000,         0.9949,        -1.3067,         0.0000,         0.0000,     1
   -3.000000,    29.000000,        -0.2333,         0.5056,        -0.4615,         0.0000,         0.0000,     3
   -1.000000,    29.000000,        -0.6500,         0.8140,        -0.7985,         0.0000,         0.0000,     2
   37.000000,    29.000000,        -1.2000,         1.8367,        -0.6533,         0.0000,         0.0000,     1
  -11.000000,    31.000000,        -1.3000,         1.0969,        -1.1852,         0.0000,         0.0000,     1
   -9.000000,    31.000000,        -1.7500,         0.9070,        -1.9294,         0.0000,         0.0000,     2
   39.000000,    31.000000,        -3.8000,         1.5306,        -2.4827,        -1.0000,        -3.8000,     1
   47.000000,    31.000000,        -8.8667,         1.2355,        -7.1768,        -1.0000,        -8.8667,     3
    1.000000,    35.000000,        -0.4000,         1.1224,        -0.3564,         0.0000,         0.0000,     1
   35.000000,    35.000000,       -11.1000,         1.7602,        -6.3061,        -1.0000,       -11.1000,     1
   -1.000000,    37.000000,        -3.2500,         0.8242,        -3.9430,        -1.0000,        -3.2500,     2
    1.000000,    37.000000,         1.5000,         0.6888,         2.1777,         1.0000,         1.5000,     1
   57.000000,    37.000000,       -12.2500,         1.5674,        -7.8154,        -1.0000,       -12.2500,     2
   47.000000,    39.000000,       -13.2500,         1.9485,        -6.8002,        -1.0000,       -13.2500,     2
   57.000000,    39.000000,       -12.0000,         1.8497,        -6.4877,        -1.0000,       -12.0000,     2
   59.000000,    39.000000,        -9.7000,         2.0298,        -4.7787,        -1.0000,        -9.7000,     2
   41.000000,    41.000000,        -8.5500,         1.0478,        -8.1596,        -1.0000,        -8.5500,     2
   43.000000,    41.000000,        -8.3750,         0.8932,        -9.3760,        -1.0000,        -8.3750,     4
   57.000000,    41.000000,        -7.0000,         2.0408,        -3.4300,        -1.0000,        -7.0000,     1
   41.000000,    45.000000,       -11.1000,         1.6784,        -6.6133,        -1.0000,       -11.1000,     2
  -19.000000,    47.000000,         3.2000,         0.0000,         0.0000,         0.0000,         0.0000,     1
   35.000000,    47.000000,        -6.8000,         1.2755,        -5.3312,        -1.0000,        -6.8000,     1
  -19.000000,    49.000000,        -1.9000,         2.1429,        -0.8866,         0.0000,         0.0000,     1
   55.000000,    57.000000,        -4.0750,         1.1446,        -3.5603,        -1.0000,        -4.0750,     4
   57.000000,    63.000000,        -6.6500,         1.5798,        -4.2093,        -1.0000,        -6.6500,     2
   65.000000,    65.000000,        -6.6000,         1.7819,        -3.7039,        -1.0000,        -6.6000,     3
   67.000000,    65.000000,        -6.8333,         1.6354,        -4.1783,        -1.0000,        -6.8333,     3
   65.000000,    67.000000,        -6.9000,         1.2004,        -5.7482,        -1.0000,        -6.9000,     3
   57.000000,    69.000000,        -8.7500,         1.7830,        -4.9074,        -1.0000,        -8.7500,     2
   59.000000,    69.000000,        -8.3200,         1.0131,        -8.2120,        -1.0000,        -8.3200,     5
   57.000000,    71.000000,        -8.9500,         1.3136,        -6.8133,        -1.0000,        -8.9500,     4
   67.000000,    71.000000,        -5.6667,         1.5148,        -3.7410,        -1.0000,        -5.6667,     3
   39.000000,    73.000000,        -6.5000,         2.0153,        -3.2253,        -1.0000,        -6.5000,     1
   41.000000,    75.000000,         2.3000,         0.5411,         4.2502,         1.0000,         2.3000,     2
   53.000000,    83.000000,        -9.7000,         3.2143,        -3.0178,        -1.0000,        -9.7000,     1
   55.000000,    83.000000,       -10.0000,         2.0408,        -4.9000,        -1.0000,       -10.0000,     1
   59.000000,    83.000000,        -9.2000,         1.4976,        -6.1433,        -1.0000,        -9.2000,     3
   57.000000,    85.000000,        -4.5375,         0.8217,        -5.5223,        -1.0000,        -4.5375,     8
   69.000000,    85.000000,        -5.2333,         1.4983,        -3.4929,        -1.0000,        -5.2333,     3
   53.000000,    87.000000,        -3.1500,         1.4577,        -2.1609,        -1.0000,        -3.1500,     2
   49.000000,    89.000000,        -5.0500,         1.6309,        -3.0964,        -1.0000,        -5.0500,     2
   69.000000,    89.000000,        -1.8500,         1.1552,        -1.6015,         0.0000,         0.0000,     4
   51.000000,    99.000000,        -2.3500,         1.6428,        -1.4305,         0.0000,         0.0000,     2
   37.000000,   101.000000,        -4.7500,         1.5306,        -3.1034,        -1.0000,        -4.7500,     1
   47.000000,   111.000000,        -7.9500,         1.2271,        -6.4784,        -1.0000,        -7.9500,     2
   35.000000,   135.000000,       -10.1000,         1.1362,        -8.8889,        -1.0000,       -10.1000,     2
  -37.000000,   175.000000,        -5.1500,         1.1362,        -4.5325,        -1.0000,        -5.1500,     2
