model,experiment,years,GMTemp,ATL3 mean,ATL3 stddev,Nino34 stddev,AtlNino mean,AtlNino stddev,AMM AnnCycAmp,global_mean_absolute_temperatures,global_mean_precipitation,NAO DJF,PDO mon
ACCESS-ESM1-5,1pctCO2,150,16.666,28.9776,0.460541,1.04747,30.5882,0.460538,5.83877,16.666,3.29795,1.67498,0.428425
AWI-ESM-1-1-LR,1pctCO2,250,9.96921e+36,9.96921e+36,9.96921e+36,9.96921e+36,9.96921e+36,9.96921e+36,9.96921e+36,9.96921e+36,9.96921e+36,9.96921e+36,9.96921e+36
BCC-CSM1-1,1pctCO2,140,15.632,28.2234,0.316089,0.558438,29.5252,0.316083,7.64517,15.632,2.87934,2.08025,0.377422
CCSM4,1pctCO2,156,15.4803,28.8378,0.381683,0.744969,30.1009,0.381686,6.5502,15.4803,3.01203,2.11474,0.404647
CESM2,1pctCO2,150,16.4545,30.3614,0.317879,0.960066,32.7876,0.317873,6.94118,16.4545,3.04764,2.17215,0.349478
CNRM-CM5,1pctCO2,140,15.2814,28.832,0.360359,0.96338,30.2236,0.360359,8.16234,15.2814,3.14538,1.61115,0.303272
CNRM-CM6-1,1pctCO2,150,15.5025,29.6215,0.336872,1.14834,31.7353,0.336864,9.33228,15.5025,3.00666,2.40741,0.292762
CSIRO-Mk3-6-0,1pctCO2,140,14.5453,25.7015,0.363939,0.976688,27.3401,0.363928,5.83523,14.5453,2.97506,1.7817,0.362869
CSIRO-Mk3L-1-2,1pctCO2,140,15.6683,28.4825,0.244872,0.563143,29.8748,0.244873,7.59076,15.6683,2.78392,1.48864,0.270373
FGOALS-f3-L,1pctCO2,160,15.3622,28.2717,0.403012,1.39879,29.7053,0.403016,5.34901,15.3578,2.9593,2.11937,0.309253
FGOALS-g2,1pctCO2,244,15.6174,28.7801,0.26277,0.527175,30.2768,0.262763,5.64111,15.6174,2.95119,1.93171,0.570621
FGOALS-g3,1pctCO2,157,9.96921e+36,9.96921e+36,9.96921e+36,9.96921e+36,9.96921e+36,9.96921e+36,9.96921e+36,9.96921e+36,9.96921e+36,9.96921e+36,9.96921e+36
FGOALS-s2,1pctCO2,140,16.1058,28.2719,0.432557,1.4273,30.073,0.432544,5.34041,16.1058,2.7933,2.12369,0.376336
GISS-E2-1-G,1pctCO2,151,15.1431,28.8157,1e+20,1e+20,28.8157,1e+20,6.25924,15.1431,3.01278,2.33378,0.388562
GISS-E2-R,1pctCO2,151,15.8884,29.3337,0.184438,0.403201,30.5978,0.18443,5.32997,15.8884,3.23703,1.88416,0.380152
HadGEM2-ES,1pctCO2,140,16.1593,28.4569,0.471853,0.588958,30.0991,0.471847,6.07463,16.1593,3.17006,2.20982,0.48794
HadGEM3-GC31-LL,1pctCO2,150,9.96921e+36,9.96921e+36,9.96921e+36,9.96921e+36,9.96921e+36,9.96921e+36,9.96921e+36,9.96921e+36,9.96921e+36,9.96921e+36,9.96921e+36
INM-CM4-8,1pctCO2,150,14.8256,28.1748,0.269048,0.492523,29.2716,0.269049,5.56099,14.8256,3.07038,1.61175,0.378375
IPSL-CM5A-LR,1pctCO2,140,14.224,28.788,0.294838,0.571112,30.612,0.294834,8.66888,14.224,2.76621,2.51249,0.363248
IPSL-CM6A-LR,1pctCO2,150,15.468,28.5767,0.397345,1.39688,30.6683,0.397334,8.83051,15.468,3.08352,2.57093,0.379409
MIROC-ES2L,1pctCO2,150,16.7831,29.5142,0.512278,1.61664,31.2179,0.512271,5.66521,16.7831,3.26062,1.55697,0.337691
MIROC-ESM,1pctCO2,140,15.7567,29.1499,0.299181,0.407636,30.9566,0.299185,5.19938,15.7567,2.90205,2.08255,0.28766
MPI-ESM1-2-LR,1pctCO2,165,15.8907,29.4137,0.337658,0.754032,31.1096,0.337652,7.08636,15.8907,2.92323,2.18463,0.323261
MPI-ESM-P,1pctCO2,140,15.8037,29.0563,0.421072,0.893164,30.766,0.421072,6.23291,15.8037,3.02646,2.36798,0.391045
MRI-CGCM3,1pctCO2,140,15.3204,28.1875,0.401854,0.898303,29.6949,0.401848,5.68284,15.3204,3.04076,2.00209,0.246253
MRI-ESM2-0,1pctCO2,151,15.6584,29.1958,0.403168,1.06021,30.9,0.403171,6.04062,15.6584,3.09063,2.40314,0.246713
NESM3,1pctCO2,150,16.8261,30.086,0.462938,0.760882,32.2158,0.462928,7.77733,16.8261,2.99444,2.07896,0.496474
NorESM2-LM,1pctCO2,150,9.96921e+36,9.96921e+36,9.96921e+36,9.96921e+36,9.96921e+36,9.96921e+36,9.96921e+36,9.96921e+36,9.96921e+36,9.96921e+36,9.96921e+36
2024,HadGEM3-GC31-LL,100,15.1821,2e+20,2e+20,2e+20,2e+20,2e+20,2e+20,15.1767,3.17354,2e+20,2e+20
ACCESS-ESM1-5,abrupt-127k,100,14.7454,1e+20,1e+20,1e+20,1e+20,1e+20,1e+20,14.7454,3.22658,1e+20,1e+20
AWI-ESM-2,abrupt-127k,100,13.806,9.96921e+36,9.96921e+36,9.96921e+36,9.96921e+36,9.96921e+36,9.96921e+36,13.806,2.78487,9.96921e+36,9.96921e+36
AWI-ESM-2,lig127k,100,9.96921e+36,9.96921e+36,9.96921e+36,9.96921e+36,9.96921e+36,9.96921e+36,9.96921e+36,9.96921e+36,9.96921e+36,9.96921e+36,9.96921e+36
AWI-ESM-2,piControl,100,9.96921e+36,9.96921e+36,9.96921e+36,9.96921e+36,9.96921e+36,9.96921e+36,9.96921e+36,9.96921e+36,9.96921e+36,9.96921e+36,9.96921e+36
CESM2,abrupt-127k,100,13.7426,9.96921e+36,9.96921e+36,9.96921e+36,9.96921e+36,9.96921e+36,9.96921e+36,13.7426,2.91382,9.96921e+36,9.96921e+36
CNRM-CM6-1,abrupt-127k,100,13.2293,1e+20,1e+20,1e+20,1e+20,1e+20,1e+20,13.2293,2.94825,1e+20,1e+20
EC-Earth3-LR,abrupt-127k,100,14.282,1e+20,1e+20,1e+20,1e+20,1e+20,1e+20,14.2802,2.91818,1e+20,1e+20
FGOALS-g3,abrupt-127k,100,15.0485,9.96921e+36,9.96921e+36,9.96921e+36,9.96921e+36,9.96921e+36,9.96921e+36,15.0485,2.788,9.96921e+36,9.96921e+36
GISS-E2-1-G,abrupt-127k-annual,99,13.5418,9.96921e+36,9.96921e+36,9.96921e+36,9.96921e+36,9.96921e+36,9.96921e+36,13.5418,2.95067,9.96921e+36,9.96921e+36
GISS-E2-1-G,abrupt-127k-decadal-monthly,99,13.5228,9.96921e+36,9.96921e+36,9.96921e+36,9.96921e+36,9.96921e+36,9.96921e+36,13.5228,2.95052,9.96921e+36,9.96921e+36
GISS-E2-1-G,abrupt-127k-WRONG,99,13.5228,9.96921e+36,9.96921e+36,9.96921e+36,9.96921e+36,9.96921e+36,9.96921e+36,13.5228,2.95052,9.96921e+36,9.96921e+36
HadGEM3-GC31-LL,abrupt-127k,100,15.1821,2e+20,2e+20,2e+20,2e+20,2e+20,2e+20,15.1767,3.17354,2e+20,2e+20
INM-CM4-8,lig127k,51,13.0763,1e+20,1e+20,1e+20,1e+20,1e+20,1e+20,13.0763,260926,1e+20,1e+20
IPSL-CM6A-LR,abrupt-127k,100,12.8142,9.96921e+36,9.96921e+36,9.96921e+36,9.96921e+36,9.96921e+36,9.96921e+36,12.8142,2.98834,9.96921e+36,9.96921e+36
NorESM1-F,abrupt-127k,100,14.4286,9.96921e+36,9.96921e+36,9.96921e+36,9.96921e+36,9.96921e+36,9.96921e+36,14.4286,2.84865,9.96921e+36,9.96921e+36
ACCESS-ESM1-5,abrupt4xCO2,50,9.96921e+36,9.96921e+36,9.96921e+36,9.96921e+36,9.96921e+36,9.96921e+36,9.96921e+36,9.96921e+36,9.96921e+36,9.96921e+36,9.96921e+36
BCC-CSM1-1,abrupt4xCO2,50,9.96921e+36,9.96921e+36,9.96921e+36,9.96921e+36,9.96921e+36,9.96921e+36,9.96921e+36,9.96921e+36,9.96921e+36,9.96921e+36,9.96921e+36
CCSM4,abrupt4xCO2,50,9.96921e+36,9.96921e+36,9.96921e+36,9.96921e+36,9.96921e+36,9.96921e+36,9.96921e+36,9.96921e+36,9.96921e+36,9.96921e+36,9.96921e+36
CESM2,abrupt4xCO2,50,9.96921e+36,9.96921e+36,9.96921e+36,9.96921e+36,9.96921e+36,9.96921e+36,9.96921e+36,9.96921e+36,9.96921e+36,9.96921e+36,9.96921e+36
CESM2-FV2,abrupt4xCO2,50,9.96921e+36,9.96921e+36,9.96921e+36,9.96921e+36,9.96921e+36,9.96921e+36,9.96921e+36,9.96921e+36,9.96921e+36,9.96921e+36,9.96921e+36
CNRM-CM5,abrupt4xCO2,50,9.96921e+36,9.96921e+36,9.96921e+36,9.96921e+36,9.96921e+36,9.96921e+36,9.96921e+36,9.96921e+36,9.96921e+36,9.96921e+36,9.96921e+36
CNRM-CM6-1,abrupt4xCO2,50,9.96921e+36,9.96921e+36,9.96921e+36,9.96921e+36,9.96921e+36,9.96921e+36,9.96921e+36,9.96921e+36,9.96921e+36,9.96921e+36,9.96921e+36
CSIRO-Mk3-6-0,abrupt4xCO2,50,9.96921e+36,9.96921e+36,9.96921e+36,9.96921e+36,9.96921e+36,9.96921e+36,9.96921e+36,9.96921e+36,9.96921e+36,9.96921e+36,9.96921e+36
CSIRO-Mk3L-1-2,abrupt4xCO2,50,9.96921e+36,9.96921e+36,9.96921e+36,9.96921e+36,9.96921e+36,9.96921e+36,9.96921e+36,9.96921e+36,9.96921e+36,9.96921e+36,9.96921e+36
FGOALS-f3-L,abrupt4xCO2,50,9.96921e+36,9.96921e+36,9.96921e+36,9.96921e+36,9.96921e+36,9.96921e+36,9.96921e+36,9.96921e+36,9.96921e+36,9.96921e+36,9.96921e+36
FGOALS-g2,abrupt4xCO2,50,9.96921e+36,9.96921e+36,9.96921e+36,9.96921e+36,9.96921e+36,9.96921e+36,9.96921e+36,9.96921e+36,9.96921e+36,9.96921e+36,9.96921e+36
FGOALS-g3,abrupt4xCO2,50,9.96921e+36,9.96921e+36,9.96921e+36,9.96921e+36,9.96921e+36,9.96921e+36,9.96921e+36,9.96921e+36,9.96921e+36,9.96921e+36,9.96921e+36
FGOALS-s2,abrupt4xCO2,50,9.96921e+36,9.96921e+36,9.96921e+36,9.96921e+36,9.96921e+36,9.96921e+36,9.96921e+36,9.96921e+36,9.96921e+36,9.96921e+36,9.96921e+36
GISS-E2-1-G,abrupt4xCO2,50,9.96921e+36,9.96921e+36,9.96921e+36,9.96921e+36,9.96921e+36,9.96921e+36,9.96921e+36,9.96921e+36,9.96921e+36,9.96921e+36,9.96921e+36
GISS-E2-R,abrupt4xCO2,50,9.96921e+36,9.96921e+36,9.96921e+36,9.96921e+36,9.96921e+36,9.96921e+36,9.96921e+36,9.96921e+36,9.96921e+36,9.96921e+36,9.96921e+36
HadGEM2-ES,abrupt4xCO2,50,9.96921e+36,9.96921e+36,9.96921e+36,9.96921e+36,9.96921e+36,9.96921e+36,9.96921e+36,9.96921e+36,9.96921e+36,9.96921e+36,9.96921e+36
HadGEM3-GC31-LL,abrupt4xCO2,50,9.96921e+36,9.96921e+36,9.96921e+36,9.96921e+36,9.96921e+36,9.96921e+36,9.96921e+36,9.96921e+36,9.96921e+36,9.96921e+36,9.96921e+36
INM-CM4-8,abrupt4xCO2,50,9.96921e+36,9.96921e+36,9.96921e+36,9.96921e+36,9.96921e+36,9.96921e+36,9.96921e+36,9.96921e+36,9.96921e+36,9.96921e+36,9.96921e+36
IPSL-CM5A-LR,abrupt4xCO2,50,9.96921e+36,9.96921e+36,9.96921e+36,9.96921e+36,9.96921e+36,9.96921e+36,9.96921e+36,9.96921e+36,9.96921e+36,9.96921e+36,9.96921e+36
IPSL-CM6A-LR,abrupt4xCO2,50,9.96921e+36,9.96921e+36,9.96921e+36,9.96921e+36,9.96921e+36,9.96921e+36,9.96921e+36,9.96921e+36,9.96921e+36,9.96921e+36,9.96921e+36
MIROC-ES2L,abrupt4xCO2,50,9.96921e+36,9.96921e+36,9.96921e+36,9.96921e+36,9.96921e+36,9.96921e+36,9.96921e+36,9.96921e+36,9.96921e+36,9.96921e+36,9.96921e+36
MIROC-ESM,abrupt4xCO2,50,9.96921e+36,9.96921e+36,9.96921e+36,9.96921e+36,9.96921e+36,9.96921e+36,9.96921e+36,9.96921e+36,9.96921e+36,9.96921e+36,9.96921e+36
MPI-ESM1-2-LR,abrupt4xCO2,50,9.96921e+36,9.96921e+36,9.96921e+36,9.96921e+36,9.96921e+36,9.96921e+36,9.96921e+36,9.96921e+36,9.96921e+36,9.96921e+36,9.96921e+36
MPI-ESM-P,abrupt4xCO2,50,9.96921e+36,9.96921e+36,9.96921e+36,9.96921e+36,9.96921e+36,9.96921e+36,9.96921e+36,9.96921e+36,9.96921e+36,9.96921e+36,9.96921e+36
MRI-CGCM3,abrupt4xCO2,50,9.96921e+36,9.96921e+36,9.96921e+36,9.96921e+36,9.96921e+36,9.96921e+36,9.96921e+36,9.96921e+36,9.96921e+36,9.96921e+36,9.96921e+36
MRI-ESM2-0,abrupt4xCO2,50,9.96921e+36,9.96921e+36,9.96921e+36,9.96921e+36,9.96921e+36,9.96921e+36,9.96921e+36,9.96921e+36,9.96921e+36,9.96921e+36,9.96921e+36
NESM3,abrupt4xCO2,50,9.96921e+36,9.96921e+36,9.96921e+36,9.96921e+36,9.96921e+36,9.96921e+36,9.96921e+36,9.96921e+36,9.96921e+36,9.96921e+36,9.96921e+36
ACCESS-ESM1-5,historical,165,14.7106,27.1533,0.579141,0.829418,27.1533,0.598479,5.46094,14.7106,3.1914,1.63218,0.364702
AWI-ESM-1-1-LR,historical,165,13.5418,27.1543,0.486348,0.770245,27.1543,0.523168,6.91392,13.5418,1e+20,2.35139,0.357539
BCC-CSM1-1,historical,163,14.457,26.9799,0.400784,0.792337,26.9799,0.481243,7.58484,14.457,1e+20,2.03074,0.336667
C20-Reanalysis,observations,180,9.96921e+36,9.96921e+36,9.96921e+36,9.96921e+36,9.96921e+36,9.96921e+36,9.96921e+36,9.96921e+36,9.96921e+36,9.96921e+36,9.96921e+36
CCSM4,historical,156,14.0144,27.5526,0.443818,1.16965,27.5526,0.504056,6.47128,14.0144,1e+20,2.00468,0.364705
CESM2-FV2,historial,165,1e+20,1e+20,1e+20,1.16617,27.3898,0.470901,7.1116,1e+20,1e+20,1e+20,1e+20
CESM2,historical,165,14.3971,27.9082,0.411169,1.28193,27.9082,0.472641,7.05717,14.3971,1e+20,2.00444,0.384636
CNRM-CM5,historical,156,9.96921e+36,9.96921e+36,9.96921e+36,9.96921e+36,9.96921e+36,9.96921e+36,9.96921e+36,9.96921e+36,9.96921e+36,9.96921e+36,9.96921e+36
CNRM-CM6-1,historical,165,13.3199,1e+20,1e+20,1e+20,1e+20,1e+20,1e+20,13.3199,1e+20,1e+20,1e+20
CSIRO-Mk3-6-0,historical,156,13.0297,1e+20,1e+20,1e+20,1e+20,1e+20,1e+20,13.0297,1e+20,1e+20,1e+20
CSIRO-Mk3L-1-2,historical,150,9.96921e+36,9.96921e+36,9.96921e+36,9.96921e+36,9.96921e+36,9.96921e+36,9.96921e+36,9.96921e+36,9.96921e+36,9.96921e+36,9.96921e+36
FGOALS-f3-L,historical,165,13.3771,1e+20,1e+20,1e+20,1e+20,1e+20,1e+20,13.3721,1e+20,1e+20,1e+20
FGOALS-g2,historical,115,9.96921e+36,9.96921e+36,9.96921e+36,9.96921e+36,9.96921e+36,9.96921e+36,9.96921e+36,9.96921e+36,9.96921e+36,9.96921e+36,9.96921e+36
FGOALS-g3,historical,165,14.4893,1e+20,1e+20,1e+20,1e+20,1e+20,1e+20,14.4893,1e+20,1e+20,1e+20
GISS-E2-1-G,historical,165,9.96921e+36,9.96921e+36,9.96921e+36,9.96921e+36,9.96921e+36,9.96921e+36,9.96921e+36,9.96921e+36,9.96921e+36,9.96921e+36,9.96921e+36
GISS-E2-R,historical,156,9.96921e+36,9.96921e+36,9.96921e+36,9.96921e+36,9.96921e+36,9.96921e+36,9.96921e+36,9.96921e+36,9.96921e+36,9.96921e+36,9.96921e+36
HadGEM2-CC,historical,145,13.4196,1e+20,1e+20,1e+20,1e+20,1e+20,1e+20,13.4196,1e+20,1e+20,1e+20
HadGEM2-ES,historical,145,13.7444,1e+20,1e+20,1e+20,1e+20,1e+20,1e+20,13.7444,1e+20,1e+20,1e+20
HadGEM3-GC31-LL,historical,165,9.96921e+36,9.96921e+36,9.96921e+36,9.96921e+36,9.96921e+36,9.96921e+36,9.96921e+36,9.96921e+36,9.96921e+36,9.96921e+36,9.96921e+36
INM-CM4-8,historical,165,9.96921e+36,9.96921e+36,9.96921e+36,9.96921e+36,9.96921e+36,9.96921e+36,9.96921e+36,9.96921e+36,9.96921e+36,9.96921e+36,9.96921e+36
IPSL-CM5A-LR,historical,156,12.8486,1e+20,1e+20,1e+20,1e+20,1e+20,1e+20,12.8486,1e+20,1e+20,1e+20
IPSL-CM6A-LR,historical,165,13.4835,1e+20,1e+20,1e+20,1e+20,1e+20,1e+20,13.4835,1e+20,1e+20,1e+20
MIROC-ES2L,historical,165,15.289,1e+20,1e+20,1e+20,1e+20,1e+20,1e+20,15.289,1e+20,1e+20,1e+20
MIROC-ESM,historical,156,13.8833,1e+20,1e+20,1e+20,1e+20,1e+20,1e+20,13.8833,1e+20,1e+20,1e+20
MPI-ESM-P,historical,156,14.1357,1e+20,1e+20,1e+20,1e+20,1e+20,1e+20,14.1357,1e+20,1e+20,1e+20
MRI-CGCM3,historical,156,13.9206,1e+20,1e+20,1e+20,1e+20,1e+20,1e+20,13.9206,1e+20,1e+20,1e+20
MRI-ESM2-0,historical,165,14.0321,1e+20,1e+20,1e+20,1e+20,1e+20,1e+20,14.0321,1e+20,1e+20,1e+20
NESM3,historical,165,13.9159,1e+20,1e+20,1e+20,1e+20,1e+20,1e+20,13.9159,1e+20,1e+20,1e+20
NorESM2-LM,historical,65,9.96921e+36,9.96921e+36,9.96921e+36,9.96921e+36,9.96921e+36,9.96921e+36,9.96921e+36,9.96921e+36,9.96921e+36,9.96921e+36,9.96921e+36
AWI-ESM-1-1-LR,lgm,100,9.29983,25.4366,0.48386,0.812516,25.4366,0.483863,7.51238,9.29983,2.62064,1e+20,0.452546
AWI-ESM-1-1-LR,lgm-cal-adj,100,9.29536,25.4426,0.483747,0.812731,25.4426,0.48375,7.51076,9.29536,2.52878,1e+20,0.452704
CCSM4,lgm-cal-adj,101,8.41792,25.1894,0.458758,0.873097,25.1894,0.45887,6.56372,8.41792,2.54187,1.55115,0.33613
CESM2-FV2,lgm-cal-adj,500,1e+20,1e+20,1e+20,0.864483,22.9074,0.538523,6.25242,1e+20,1e+20,1e+20,1e+20
CESM2-WACCM-FV2,lgm-cal-adj,100,1e+20,1e+20,1e+20,1e+20,1e+20,1e+20,1e+20,1e+20,2.55514,1e+20,1e+20
CNRM-CM5,lgm-cal-adj,200,1e+20,1e+20,1e+20,1e+20,1e+20,1e+20,1e+20,1e+20,2.79376,1e+20,1e+20
COSMOS-ASO,lgm-cal-adj,600,9.96921e+36,9.96921e+36,9.96921e+36,9.96921e+36,9.96921e+36,9.96921e+36,9.96921e+36,9.96921e+36,9.96921e+36,9.96921e+36,9.96921e+36
FGOALS-g2,lgm-cal-adj,100,1e+20,1e+20,1e+20,1e+20,1e+20,1e+20,1e+20,1e+20,2.49607,1e+20,1e+20
GISS-E2-R,lgm-cal-adj,100,1e+20,1e+20,1e+20,1e+20,1e+20,1e+20,1e+20,1e+20,2.85623,1e+20,1e+20
INM-CM4-8,lgm-cal-adj,200,9.96921e+36,9.96921e+36,9.96921e+36,9.96921e+36,9.96921e+36,9.96921e+36,9.96921e+36,9.96921e+36,9.96921e+36,9.96921e+36,9.96921e+36
CCSM4,lgm,101,8.42218,25.1812,0.4594,0.872104,25.1812,0.459516,6.5639,8.42218,2.61607,1.54732,0.336165
CESM2-FV2,lgm,500,7.33418,22.8987,0.514629,0.864486,22.8987,0.539074,6.25662,7.33418,1e+20,2.07829,0.442922
CESM2-WACCM-FV2,lgm,100,6.91833,22.5889,0.444299,0.881713,22.5889,0.444549,6.16353,6.91833,2.5551,1.88293,0.37443
CNRM-CM5,lgm,200,10.5727,25.7753,0.365668,0.831351,25.7753,0.365994,8.46822,10.5727,2.87219,1.7945,0.343641
COSMOS-ASO,lgm,600,9.96921e+36,9.96921e+36,9.96921e+36,9.96921e+36,9.96921e+36,9.96921e+36,9.96921e+36,9.96921e+36,9.96921e+36,9.96921e+36,9.96921e+36
FGOALS-g2,lgm,100,8.58874,24.4833,0.327136,0.395529,24.4833,0.327284,5.7529,8.58874,2.56703,1.62846,0.228567
GISS-E2-R,lgm,100,9.48219,25.9417,0.228286,0.360882,25.9417,0.228389,4.71823,9.48219,2.90878,1.55142,0.234172
INM-CM4-8,lgm,200,9.54187,25.6977,0.437803,0.533244,25.6977,0.438763,5.67192,9.54187,2.73554,1.84514,0.307376
IPSL-CM5A-LR,lgm,200,7.43754,23.0723,0.432061,0.904761,23.0723,0.432167,8.04154,7.43754,2.30962,1.61282,0.27015
MIROC-ES2L,lgm,100,10.9411,25.0105,0.728108,1.02836,25.0105,0.728602,5.42371,10.9411,2.91379,1.97334,0.333886
MIROC-ESM,lgm,100,8.59476,25.0469,0.361091,0.546994,25.0469,0.361301,5.53191,8.59476,2.5209,1.93892,0.341438
MPI-ESM1-2-LR,lgm,500,9.62715,25.7442,0.501748,1.012,25.7442,0.501848,6.82043,9.62715,2.62145,2.04638,0.380591
MPI-ESM-P,lgm,100,9.23234,24.943,0.460711,0.788486,24.943,0.461,5.25287,9.23234,2.68221,1.9993,0.448487
MRI-CGCM3,lgm,100,8.90952,23.2944,0.443804,0.576101,23.2944,0.444237,5.86332,8.90952,2.5699,1.78022,0.291415
UofT-CCSM-4,lgm,100,7.34211,24.5671,0.436253,0.631317,24.5671,0.436263,6.46696,7.34211,2.52427,1.23609,0.37554
ACCESS-ESM1-5,lig127k,200,14.916,1e+20,1e+20,1e+20,1e+20,1e+20,1e+20,14.916,3.23609,1e+20,1e+20
AWI-ESM-1-1-LR,lig127k,100,12.756,1e+20,1e+20,1e+20,1e+20,1e+20,1e+20,12.756,2.83064,1e+20,1e+20
ACCESS-ESM1-5,lig127k-cal-adj,200,15.0638,27.0151,0.473604,0.667553,27.0151,0.473604,6.04113,15.0638,3.1263,1.69739,0.291371
AWI-ESM-1-1-LR,lig127k-cal-adj,100,12.9112,26.2054,0.412281,0.519056,26.2054,0.412283,6.04513,12.9112,2.71276,1.94657,0.319967
CESM2,lig127k-cal-adj,700,14.1054,27.4258,0.368927,0.913569,27.4258,0.369438,7.32456,14.1054,2.82617,2.08097,0.352785
CNRM-CM6-1,lig127k-cal-adj,301,1e+20,1e+20,1e+20,0.650003,27.2869,0.343117,8.1181,1e+20,2.80665,1e+20,1e+20
EC-Earth3-LR,lig127k-cal-adj,210,1e+20,1e+20,1e+20,1e+20,1e+20,1e+20,1e+20,1e+20,2.77987,1e+20,1e+20
FGOALS-f3-L,lig127k-cal-adj,500,1e+20,1e+20,1e+20,1e+20,1e+20,1e+20,1e+20,1e+20,2.69795,1e+20,1e+20
FGOALS-g3,lig127k-cal-adj,500,1e+20,1e+20,1e+20,1e+20,1e+20,1e+20,1e+20,1e+20,2.68275,1e+20,1e+20
GISS-E2-1-G,lig127k-cal-adj,100,1e+20,1e+20,1e+20,1e+20,1e+20,1e+20,1e+20,1e+20,2.85299,1e+20,1e+20
HadGEM3-GC31-LL,lig127k-cal-adj,200,1e+20,1e+20,1e+20,1e+20,1e+20,1e+20,1e+20,1e+20,3.05626,1e+20,1e+20
INM-CM4-8,lig127k-cal-adj,100,1e+20,1e+20,1e+20,1e+20,1e+20,1e+20,1e+20,1e+20,2.95295,1e+20,1e+20
IPSL-CM6A-LR,lig127k-cal-adj,550,1e+20,1e+20,1e+20,1e+20,1e+20,1e+20,1e+20,1e+20,2.86223,1e+20,1e+20
MIROC-ES2L,lig127k-cal-adj,100,1e+20,1e+20,1e+20,1e+20,1e+20,1e+20,1e+20,1e+20,3.10852,1e+20,1e+20
MPI-ESM1-2-LR,lig127k-cal-adj,300,1e+20,1e+20,1e+20,1e+20,1e+20,1e+20,1e+20,1e+20,2.73988,1e+20,1e+20
NESM3,lig127k-cal-adj,100,1e+20,1e+20,1e+20,1e+20,1e+20,1e+20,1e+20,1e+20,2.73886,1e+20,1e+20
NorESM1-F,lig127k-cal-adj,200,1e+20,1e+20,1e+20,1e+20,1e+20,1e+20,1e+20,1e+20,2.71567,1e+20,1e+20
NorESM2-LM,lig127k-cal-adj,100,1e+20,1e+20,1e+20,1e+20,1e+20,1e+20,1e+20,1e+20,2.92537,1e+20,1e+20
CESM2,lig127k,700,13.9639,1e+20,1e+20,1e+20,1e+20,1e+20,1e+20,13.9639,2.92884,1e+20,1e+20
CNRM-CM6-1,lig127k,201,13.1876,1e+20,1e+20,1e+20,1e+20,1e+20,1e+20,13.1876,2.94528,1e+20,1e+20
EC-Earth3-LR,lig127k,210,13.6958,1e+20,1e+20,1e+20,1e+20,1e+20,1e+20,13.6958,2.84708,1e+20,1e+20
FGOALS-f3-L,lig127k,500,12.4606,1e+20,1e+20,1e+20,1e+20,1e+20,1e+20,12.4563,2.81587,1e+20,1e+20
FGOALS-g3,lig127k,500,14.3042,1e+20,1e+20,1e+20,1e+20,1e+20,1e+20,14.3042,2.79939,1e+20,1e+20
GISS-E2-1-G,lig127k,100,13.6781,1e+20,1e+20,1e+20,1e+20,1e+20,1e+20,13.6781,2.96182,1e+20,1e+20
HadGEM3-GC31-LL,lig127k,200,14.2767,1e+20,1e+20,1e+20,1e+20,1e+20,1e+20,14.2725,3.18025,1e+20,1e+20
INM-CM4-8,lig127k,100,13.083,1e+20,1e+20,1e+20,1e+20,1e+20,1e+20,13.083,3.02526,1e+20,1e+20
IPSL-CM6A-LR,lig127k,550,12.6189,1e+20,1e+20,1e+20,1e+20,1e+20,1e+20,12.6189,2.97768,1e+20,1e+20
MIROC-ES2L,lig127k,100,14.5637,1e+20,1e+20,1e+20,1e+20,1e+20,1e+20,14.5637,3.17965,1e+20,1e+20
MPI-ESM1-2-LR,lig127k,300,13.3989,1e+20,1e+20,1e+20,1e+20,1e+20,1e+20,13.3989,2.8601,1e+20,1e+20
NESM3,lig127k,100,13.8401,1e+20,1e+20,1e+20,1e+20,1e+20,1e+20,13.8401,2.88909,1e+20,1e+20
NorESM1-F,lig127k,200,14.2271,1e+20,1e+20,1e+20,1e+20,1e+20,1e+20,14.2271,2.83234,1e+20,1e+20
NorESM2-LM,lig127k,100,14.3805,1e+20,1e+20,1e+20,1e+20,1e+20,1e+20,14.3805,3.04146,1e+20,1e+20
ACCESS-ESM1-5,midHolocene,300,14.2119,26.3587,0.543592,0.776863,26.3587,0.544759,5.77167,14.2119,3.19515,1.69019,0.332509
AWI-ESM-1-1-LR,midHolocene,100,12.5705,26.2786,0.432394,0.628213,26.2786,0.432497,5.97965,12.5705,2.8058,2.26144,0.396849
BCC-CSM1-1,midHolocene,100,13.5752,26.3592,0.368771,0.661514,26.3592,0.368776,7.67477,13.5752,2.78226,1.92547,0.343876
CCSM4,midHolocene,301,13.0734,27.1141,0.394736,1.00864,27.1141,0.394823,6.65338,13.0734,2.91904,1.93971,0.372148
CESM2,midHolocene,700,13.8469,27.3634,0.407505,1.04237,27.3634,0.40755,7.01751,13.8469,2.92541,2.22015,0.370421
CNRM-CM5,midHolocene,200,13.3811,27.159,0.407894,0.73713,27.159,0.409514,7.86105,13.3811,3.07173,1.80892,0.304286
CSIRO-Mk3-6-0,midHolocene,100,12.7502,23.7005,0.446819,0.805909,23.7005,0.451233,5.87704,12.7502,2.89142,2.08442,0.376426
CSIRO-Mk3L-1-2,midHolocene,500,14.0356,26.7182,0.262246,0.440073,26.7182,0.262614,7.93737,14.0356,2.71882,1.37103,0.244179
EC-EARTH-2-2,midHolocene,40,9.96921e+36,9.96921e+36,9.96921e+36,9.96921e+36,9.96921e+36,9.96921e+36,9.96921e+36,9.96921e+36,9.96921e+36,9.96921e+36,9.96921e+36
EC-Earth3-LR,midHolocene,203,13.2468,26.4241,0.51049,0.601456,26.4241,0.516227,8.97703,13.2468,2.81773,2.24871,0.356655
EC-Earth3,midHolocene,200,13.6343,26.7314,0.540017,0.605669,26.7314,0.540191,9.1743,13.6324,2.87449,2.00327,0.346541
FGOALS-f3-L,midHolocene,500,12.512,26.0452,0.372113,1.32239,26.0452,0.372114,5.58049,12.5079,2.8198,2.00149,0.319383
FGOALS-g2,midHolocene,680,12.4365,26.6042,0.264395,0.560296,26.6042,0.275925,5.4883,12.4365,2.80295,1.52457,0.269793
FGOALS-g3,midHolocene,500,13.7846,26.7255,0.382409,0.839341,26.7255,0.382623,4.48431,13.7846,2.76846,1.90482,0.302323
FGOALS-s2,midHolocene,100,13.4827,25.6602,0.428373,1.03981,25.6602,0.428383,5.45172,13.4827,2.64203,2.21125,0.297125
GISS-E2-1-G,midHolocene,100,13.4162,27.9329,0.322769,1.12872,27.9329,0.326347,6.27074,13.4162,2.94875,2.16085,0.372108
GISS-E2-R,midHolocene,100,14.1851,27.746,0.1833,0.489765,27.746,0.184105,4.97917,14.1851,3.16707,1.91249,0.28252
HadGEM2-CC,midHolocene,35,13.4596,25.8623,0.586831,0.686247,25.8623,0.587634,6.04615,13.4596,3.06823,2.30858,0.333198
HadGEM2-ES,midHolocene,101,13.9849,26.3647,0.550452,0.649035,26.3647,0.555863,6.22339,13.9849,3.10913,1.81814,0.342281
HadGEM3-GC31-LL,midHolocene,100,13.6707,26.8915,0.547127,0.921383,26.8915,0.558268,7.35954,13.6651,3.13639,1.99467,0.392698
INM-CM4-8,midHolocene,200,12.9601,26.5354,0.33182,0.467216,26.5354,0.332456,5.65311,12.9601,2.99346,1.44256,0.322353
IPSL-CM5A-LR,midHolocene,500,11.944,26.3928,0.326,0.564337,26.3928,0.326064,8.47966,11.944,2.65345,2.21653,0.361925
IPSL-CM6A-LR,midHolocene,550,12.3512,25.8074,0.424688,0.925615,25.8074,0.42543,8.1352,12.3512,2.96268,2.33867,0.352655
KCM1-2-2,midHolocene,100,9.96921e+36,9.96921e+36,9.96921e+36,9.96921e+36,9.96921e+36,9.96921e+36,9.96921e+36,9.96921e+36,9.96921e+36,9.96921e+36,9.96921e+36
MIROC-ES2L,midHolocene,100,14.5097,27.0108,0.433006,0.747076,27.0108,0.433182,5.61403,14.5097,3.16569,1.48593,0.324978
MIROC-ESM,midHolocene,100,13.3466,26.5616,0.3095,0.40528,26.5616,0.309623,5.39359,13.3466,2.80157,2.11005,0.217628
MPI-ESM1-2-LR,midHolocene,500,13.1723,26.7699,0.395171,0.661184,26.7699,0.395206,6.01727,13.1723,2.83434,2.0574,0.385616
MPI-ESM-P,midHolocene,100,13.404,26.4101,0.378563,0.666811,26.4101,0.380711,4.94118,13.404,2.92152,2.1196,0.340246
MRI-CGCM3,midHolocene,100,13.5644,25.9078,0.395685,0.66765,25.9078,0.395736,5.95358,13.5644,2.93184,2.13654,0.252189
MRI-ESM2-0,midHolocene,200,13.643,26.7229,0.408179,0.710367,26.7229,0.408617,5.85672,13.643,2.99714,2.083,0.24785
NESM3,midHolocene,100,13.4636,26.9504,0.44977,0.631218,26.9504,0.451094,6.93252,13.4636,2.85755,2.08953,0.306154
NorESM1-F,midHolocene,200,14.1452,27.4717,0.351539,0.538128,27.4717,0.351585,6.98488,14.1452,2.81905,2.13745,0.363506
NorESM2-LM,midHolocene,100,9.96921e+36,9.96921e+36,9.96921e+36,9.96921e+36,9.96921e+36,9.96921e+36,9.96921e+36,9.96921e+36,9.96921e+36,9.96921e+36,9.96921e+36
CESM2,midPliocene-eoi400,1200,19.0015,31.5208,0.422629,1.1864,31.5208,0.47587,6.7532,19.0015,3.26056,2.29007,0.390229
EC-Earth3-LR,midPliocene-eoi400,100,18.1468,29.9173,0.372802,0.360539,29.9173,0.37517,8.5682,18.1468,3.12815,1.90947,0.32998
GISS-E2-R,midPliocene-eoi400,100,9.96921e+36,9.96921e+36,9.96921e+36,9.96921e+36,9.96921e+36,9.96921e+36,9.96921e+36,9.96921e+36,9.96921e+36,9.96921e+36,9.96921e+36
HadGEM3-GC31-LL,midPliocene-eoi400,100,9.96921e+36,9.96921e+36,9.96921e+36,9.96921e+36,9.96921e+36,9.96921e+36,9.96921e+36,9.96921e+36,9.96921e+36,9.96921e+36,9.96921e+36
IPSL-CM6A-LR,midPliocene-eoi400,200,15.9784,28.1071,0.380582,1.00014,28.1071,0.380845,8.45978,15.9784,3.17046,2.42541,0.357396
NorESM1-F,midPliocene-eoi400,201,9.96921e+36,9.96921e+36,9.96921e+36,9.96921e+36,9.96921e+36,9.96921e+36,9.96921e+36,9.96921e+36,9.96921e+36,9.96921e+36,9.96921e+36
UofT-CCSM-4,midPliocene-eoi400,100,16.793,29.3439,0.339782,0.515634,29.3439,0.342221,6.19804,16.793,3.12722,1.60491,0.385801
ACCESS-ESM1-5,piControl,100,14.4566,26.9863,0.580548,0.789247,26.9863,0.585615,5.49363,14.4566,3.21295,1.75231,0.377958
AWI-ESM-1-1-LR,piControl,100,13.0093,26.9828,0.438132,0.666452,26.9828,0.438676,6.71959,13.0093,2.80474,2.24645,0.322838
BCC-CSM1-1,piControl,500,13.7105,26.6758,0.389414,0.695788,26.6758,0.389472,7.4523,13.7105,2.79524,1.96054,0.356253
CCSM4,piControl,1051,13.334,27.335,0.406756,1.05023,27.335,0.407018,6.47268,13.334,2.93121,1e+20,1e+20
CESM2-FV2,piControl,150,13.9196,27.2375,0.411173,1e+20,1e+20,1e+20,1e+20,13.9196,1e+20,1e+20,1e+20
CESM2,piControl,500,14.052,27.7394,0.395334,1e+20,1e+20,1e+20,1e+20,14.052,2.94556,1e+20,1e+20
CESM2-WACCM-FV2,piControl,300,13.9525,27.3356,0.417651,1e+20,1e+20,1e+20,1e+20,13.9525,2.99422,1e+20,1e+20
CNRM-CM5,piControl,850,13.2004,27.25,0.369616,1e+20,1e+20,1e+20,1e+20,13.2004,3.06066,1e+20,1e+20
CNRM-CM6-1,piControl,500,12.8577,27.2503,0.366471,1e+20,1e+20,1e+20,1e+20,12.8577,2.90027,1e+20,1e+20
COSMOS-ASO,piControl,400,9.96921e+36,9.96921e+36,9.96921e+36,9.96921e+36,9.96921e+36,9.96921e+36,9.96921e+36,9.96921e+36,9.96921e+36,9.96921e+36,9.96921e+36
CSIRO-Mk3-6-0,piControl,500,12.7337,23.9278,0.414529,1e+20,1e+20,1e+20,1e+20,12.7337,2.89504,1e+20,1e+20
CSIRO-Mk3L-1-2,piControl,1000,14.0412,26.8395,0.283316,9.96921e+36,9.96921e+36,9.96921e+36,9.96921e+36,14.0412,2.72258,9.96921e+36,9.96921e+36
EC-EARTH-2-2,piControl,40,9.96921e+36,9.96921e+36,9.96921e+36,9.96921e+36,9.96921e+36,9.96921e+36,9.96921e+36,9.96921e+36,9.96921e+36,9.96921e+36,9.96921e+36
EC-Earth3-LR,piControl,201,13.2985,26.9101,0.492271,1e+20,1e+20,1e+20,1e+20,13.2985,2.81702,1e+20,1e+20
EC-Earth3-Veg,piControl,500,1e+20,1e+20,1e+20,1e+20,1e+20,1e+20,1e+20,1e+20,2.87086,1e+20,1e+20
FGOALS-f3-L,piControl,561,12.8781,26.6683,0.393909,1e+20,1e+20,1e+20,1e+20,12.8736,2.84374,1e+20,1e+20
FGOALS-g2,piControl,700,13.1696,27.3382,0.283072,1e+20,1e+20,1e+20,1e+20,13.1696,2.85141,1e+20,1e+20
FGOALS-g3,piControl,500,14.0245,27.4243,0.386213,1e+20,1e+20,1e+20,1e+20,14.0245,2.87556,1e+20,1e+20
FGOALS-s2,piControl,501,13.6471,25.9305,0.427171,1e+20,1e+20,1e+20,1e+20,13.6471,2.66364,1e+20,1e+20
GISS-E2-1-G,piControl,851,13.7963,28.3939,0.369467,1e+20,1e+20,1e+20,1e+20,13.7963,2.97224,1e+20,1e+20
GISS-E2-R,piControl,500,14.2854,27.8356,0.200266,1e+20,1e+20,1e+20,1e+20,14.2854,3.17567,1e+20,1e+20
HadCM3,piControl,1199,9.96921e+36,9.96921e+36,9.96921e+36,9.96921e+36,9.96921e+36,9.96921e+36,9.96921e+36,9.96921e+36,9.96921e+36,9.96921e+36,9.96921e+36
HadGEM2-CC,piControl,240,13.2435,26.0593,0.551747,1e+20,1e+20,1e+20,1e+20,13.2435,3.05299,1e+20,1e+20
HadGEM2-ES,piControl,336,13.7438,26.3599,0.526495,1e+20,1e+20,1e+20,1e+20,13.7438,3.09447,1e+20,1e+20
HadGEM3-GC31-LL,piControl,100,13.7975,27.3724,0.545108,1e+20,1e+20,1e+20,1e+20,13.7909,3.14378,1e+20,1e+20
INM-CM4-8,piControl,531,13.2592,26.9893,0.29189,1e+20,1e+20,1e+20,1e+20,13.2592,3.00131,1e+20,1e+20
IPSL-CM5A-LR,piControl,1000,12.0334,26.6652,0.343671,1e+20,1e+20,1e+20,1e+20,12.0334,2.6578,1e+20,1e+20
IPSL-CM6A-LR,piControl,1200,12.7134,26.2005,0.419039,1e+20,1e+20,1e+20,1e+20,12.7134,2.98399,1e+20,1e+20
KCM1-2-2,piControl,200,9.96921e+36,9.96921e+36,9.96921e+36,9.96921e+36,9.96921e+36,9.96921e+36,9.96921e+36,9.96921e+36,9.96921e+36,9.96921e+36,9.96921e+36
MIROC-ES2L,piControl,500,14.9837,27.5918,0.576928,1e+20,1e+20,1e+20,1e+20,14.9837,3.19475,1e+20,1e+20
MIROC-ESM,piControl,630,13.5989,27.1836,0.327599,1e+20,1e+20,1e+20,1e+20,13.5989,2.80773,1e+20,1e+20
MPI-ESM1-2-LR,piControl,1000,13.5333,27.3964,0.44095,1e+20,1e+20,1e+20,1e+20,13.5333,2.83392,1e+20,1e+20
MPI-ESM-P,piControl,1156,13.644,27.0224,0.435668,1e+20,1e+20,1e+20,1e+20,13.644,2.92763,1e+20,1e+20
MRI-CGCM3,piControl,500,13.5892,26.4595,0.389759,1e+20,1e+20,1e+20,1e+20,13.5892,2.93443,1e+20,1e+20
MRI-ESM2-0,piControl,701,13.8211,27.2271,0.425263,1e+20,1e+20,1e+20,1e+20,13.8211,3.00822,1e+20,1e+20
NESM3,piControl,100,13.7292,27.5909,0.492975,1e+20,1e+20,1e+20,1e+20,13.7292,2.85558,1e+20,1e+20
NorESM1-F,piControl,200,14.5066,27.7282,0.425464,1e+20,1e+20,1e+20,1e+20,14.5066,2.84264,1e+20,1e+20
NorESM2-LM,piControl,391,14.466,27.1163,0.600139,1e+20,1e+20,1e+20,1e+20,14.466,2.86195,1e+20,1e+20
UofT-CCSM-4,piControl,100,12.6076,27.0012,0.344109,1e+20,1e+20,1e+20,1e+20,12.6076,2.88231,1e+20,1e+20
