model,experiment,years,GMTemp,ATL3 mean,IOD stddev,Nino34 stddev,AtlNino mean,AtlNino stddev,AtlNino AnnCycAmp,AMM mean,AMM stddev,AMM AnnCycAmp,global_mean_absolute_temperatures,global_mean_precipitation,NAO DJF,PDO mon
ACCESS-ESM1-5,1pctCO2,150,16.666,29.0006,0.524464,1.04392,29.0006,0.449329,3.49575,1.28553,0.392957,5.83877,16.666,3.29795,1.61709,0.330921
AWI-ESM-1-1-LR,1pctCO2,250,9.96921e+36,9.96921e+36,9.96921e+36,9.96921e+36,9.96921e+36,9.96921e+36,9.96921e+36,9.96921e+36,9.96921e+36,9.96921e+36,9.96921e+36,9.96921e+36,9.96921e+36,9.96921e+36
BCC-CSM1-1,1pctCO2,140,15.632,28.236,0.376207,0.554903,28.236,0.310564,3.87632,-0.0991121,0.428648,7.64517,15.632,2.87934,2.08098,0.350451
BEST,observations,74,14.4286,1e+20,1e+20,1e+20,1e+20,1e+20,1e+20,1e+20,1e+20,1e+20,14.4258,1e+20,1e+20,1e+20
CCSM4,1pctCO2,156,15.4803,28.8334,0.542629,0.739931,28.8334,0.381853,4.05894,0.0925684,0.332322,6.5502,15.4803,3.01203,2.11552,0.353655
CESM1,Forced,66,9.96921e+36,9.96921e+36,9.96921e+36,9.96921e+36,9.96921e+36,9.96921e+36,9.96921e+36,9.96921e+36,9.96921e+36,9.96921e+36,9.96921e+36,9.96921e+36,9.96921e+36,9.96921e+36
CESM1,Forced,37,9.96921e+36,9.96921e+36,9.96921e+36,9.96921e+36,9.96921e+36,9.96921e+36,9.96921e+36,9.96921e+36,9.96921e+36,9.96921e+36,9.96921e+36,9.96921e+36,9.96921e+36,9.96921e+36
CESM1,Forced,66,9.96921e+36,9.96921e+36,9.96921e+36,9.96921e+36,9.96921e+36,9.96921e+36,9.96921e+36,9.96921e+36,9.96921e+36,9.96921e+36,9.96921e+36,9.96921e+36,9.96921e+36,9.96921e+36
CESM2,1pctCO2,150,16.4545,30.3608,0.409131,0.964739,30.3608,0.306384,3.88751,1.33336,0.300311,6.94118,16.4545,3.04764,2.16319,0.345208
CNRM-CM5,1pctCO2,140,15.2814,28.8451,0.629043,0.943397,28.8451,0.347071,2.72097,-0.682011,0.405906,8.16234,15.2814,3.14538,1.59278,0.294457
CNRM-CM6-1,1pctCO2,150,15.5025,29.622,0.51604,1.13668,29.622,0.325357,3.74252,0.108896,0.37453,9.33228,15.5025,3.00666,2.38832,0.229274
CSIRO-Mk3-6-0,1pctCO2,140,14.5453,25.7044,0.755558,0.985594,25.7044,0.340617,3.64352,4.48238,0.384955,5.83523,14.5453,2.97506,1.77204,0.350372
CSIRO-Mk3L-1-2,1pctCO2,140,15.6683,28.4881,0.458439,0.533145,28.4881,0.245497,4.46573,1.80035,0.292594,7.59076,15.6683,2.78392,1.41102,0.228659
ERA20c,ERA5,124,-32767,-32767,-32767,-32767,-32767,-32767,-32767,-32767,-32767,-32767,-32767,-32767,2.00198,-32767
ERA5,1,74,1e+20,1e+20,1e+20,1e+20,1e+20,1e+20,1e+20,1e+20,1e+20,1e+20,1e+20,2.88842,1e+20,1e+20
ERA5,2,45,-32767,-32767,-32767,-32767,-32767,-32767,-32767,-32767,-32767,-32767,-32767,-32767,2.30534,-32767
ERA5,observations,74,-32767,-32767,-32767,-32767,-32767,-32767,-32767,-32767,-32767,-32767,-32767,-32767,2.16249,-32767
ERSSTv5,1,124,1e+20,26.3379,0.390538,0.868686,26.3379,0.481778,4.29447,2.26708,0.563218,6.8869,1e+20,1e+20,1e+20,0.32549
ERSSTv5,observations,74,1e+20,26.5671,0.405197,0.861493,26.5671,0.443993,4.30491,2.2078,0.52838,6.99375,1e+20,1e+20,1e+20,0.315107
FGOALS-f3-L,1pctCO2,160,15.3622,28.2665,0.625264,1.40449,28.2665,0.39344,3.57947,1.60344,0.485721,5.34901,15.3578,2.9593,2.07046,0.330746
FGOALS-g2,1pctCO2,244,15.6174,28.7774,0.352652,0.506846,28.7774,0.187054,2.26561,0.584697,0.299942,5.64111,15.6174,2.95119,1.85105,0.145603
FGOALS-s2,1pctCO2,140,16.1058,28.2653,0.508745,1.42688,28.2653,0.348271,3.14719,0.688753,0.313893,5.34041,16.1058,2.7933,1.96174,0.327888
GISS-E2-1-G,1pctCO2,151,15.1431,29.3502,0.400689,0.977489,29.3502,0.344012,2.4926,-0.180809,0.292256,6.37957,15.1431,3.01278,2.28991,0.362405
GISS-E2-R,1pctCO2,151,15.8884,29.3312,0.271429,0.381854,29.3312,0.156332,1.94128,0.449871,0.239966,5.32997,15.8884,3.23703,1.87531,0.307282
GISTEMP,observations,124,0.132167,1e+20,1e+20,1e+20,1e+20,1e+20,1e+20,1e+20,1e+20,1e+20,0.132167,1e+20,1e+20,1e+20
GPCC,observations,124,-100000,-100000,-100000,-100000,-100000,-100000,-100000,-100000,-100000,-100000,-100000,2.46575,-100000,-100000
GPCP,observations,45,-9.96921e+36,-9.96921e+36,-9.96921e+36,-9.96921e+36,-9.96921e+36,-9.96921e+36,-9.96921e+36,-9.96921e+36,-9.96921e+36,-9.96921e+36,-9.96921e+36,2.6877,-9.96921e+36,-9.96921e+36
HadCRUT5-0-2,observations,45,0.46791,-1e+30,-1e+30,-1e+30,-1e+30,-1e+30,-1e+30,-1e+30,-1e+30,-1e+30,0.46791,-1e+30,-1e+30,-1e+30
HadGEM2-ES,1pctCO2,140,16.1593,28.4478,0.401244,0.561661,28.4478,0.473151,3.57949,0.187155,0.55532,6.07463,16.1593,3.17006,2.14899,0.36169
HadGEM3-GC31-LL,1pctCO2,150,16.7692,29.9335,0.378976,1.02045,29.9335,0.390718,3.67501,0.213879,0.502613,7.46583,16.7633,3.28817,2.1962,0.288526
HadISSTv1,observations,45,1e+20,26.6579,0.317071,0.866713,26.6579,0.401189,4.38928,2.14276,0.485774,7.24921,1e+20,1e+20,1e+20,0.286403
INM-CM4-8,1pctCO2,150,14.8256,28.1843,0.219505,0.48207,28.1843,0.258897,2.30947,0.459622,0.304998,5.56099,14.8256,3.07038,1.57823,0.266325
IPSL-CM5A-LR,1pctCO2,140,14.224,28.7946,0.370175,0.573108,28.7946,0.285241,4.13819,0.556163,0.315962,8.66888,14.224,2.76621,2.25598,0.403147
IPSL-CM6A-LR,1pctCO2,150,15.468,28.5807,0.60216,1.39057,28.5807,0.384292,5.68625,-0.314603,0.376912,8.83051,15.468,3.08352,2.42827,0.335724
MIROC-ES2L,1pctCO2,150,16.7831,29.5049,0.571338,1.58678,29.5049,0.494087,3.14159,0.111976,0.422417,5.66521,16.7831,3.26062,1.54635,0.37801
MIROC-ESM,1pctCO2,140,15.7567,29.1451,0.224028,0.399718,29.1451,0.251051,2.88302,0.561265,0.296201,5.19938,15.7567,2.90205,1.91511,0.225902
MPI-ESM1-2-LR,1pctCO2,165,15.8907,29.4119,0.493024,0.751566,29.4119,0.316411,3.50966,0.0277027,0.434311,7.08636,15.8907,2.92323,2.16817,0.387229
MPI-ESM-P,1pctCO2,140,15.8037,29.0666,0.693455,0.889692,29.0666,0.383848,3.41392,0.316693,0.395499,6.23291,15.8037,3.02646,2.22242,0.388646
MRI-CGCM3,1pctCO2,140,15.3204,28.1856,0.375771,0.901052,28.1856,0.396657,4.07015,-0.619931,0.460989,5.68284,15.3204,3.04076,1.99777,0.232335
MRI-ESM2-0,1pctCO2,151,15.6584,29.1975,0.401974,1.06862,29.1975,0.382212,4.37927,0.677589,0.420936,6.04062,15.6584,3.09063,2.4031,0.270658
NASA,Bootstrap,45,9.96921e+36,9.96921e+36,9.96921e+36,9.96921e+36,9.96921e+36,9.96921e+36,9.96921e+36,9.96921e+36,9.96921e+36,9.96921e+36,9.96921e+36,9.96921e+36,9.96921e+36,9.96921e+36
NASA,Bootstrap,45,9.96921e+36,9.96921e+36,9.96921e+36,9.96921e+36,9.96921e+36,9.96921e+36,9.96921e+36,9.96921e+36,9.96921e+36,9.96921e+36,9.96921e+36,9.96921e+36,9.96921e+36,9.96921e+36
NASA,CDR,45,9.96921e+36,9.96921e+36,9.96921e+36,9.96921e+36,9.96921e+36,9.96921e+36,9.96921e+36,9.96921e+36,9.96921e+36,9.96921e+36,9.96921e+36,9.96921e+36,9.96921e+36,9.96921e+36
NASA,CDR,45,9.96921e+36,9.96921e+36,9.96921e+36,9.96921e+36,9.96921e+36,9.96921e+36,9.96921e+36,9.96921e+36,9.96921e+36,9.96921e+36,9.96921e+36,9.96921e+36,9.96921e+36,9.96921e+36
NASA,Team,45,9.96921e+36,9.96921e+36,9.96921e+36,9.96921e+36,9.96921e+36,9.96921e+36,9.96921e+36,9.96921e+36,9.96921e+36,9.96921e+36,9.96921e+36,9.96921e+36,9.96921e+36,9.96921e+36
NASA,Team,45,9.96921e+36,9.96921e+36,9.96921e+36,9.96921e+36,9.96921e+36,9.96921e+36,9.96921e+36,9.96921e+36,9.96921e+36,9.96921e+36,9.96921e+36,9.96921e+36,9.96921e+36,9.96921e+36
NESM3,1pctCO2,150,16.8261,30.1036,0.515094,0.736416,30.1036,0.443943,4.40751,-0.265091,0.526609,7.77733,16.8261,2.99444,2.073,0.341659
NorESM2-LM,1pctCO2,30,17.7719,30.2565,0.607819,1.53739,30.2565,0.49684,4.23903,1.88895,0.514125,6.53758,17.7719,2.96026,2.46482,0.308624
ACCESS-ESM1-5,abrupt4xCO2,50,19.8645,31.3467,0.446206,1.12785,31.3467,0.455807,3.64436,1.36843,0.417579,6.32749,19.8645,3.45973,1.3836,0.339102
BCC-CSM1-1,abrupt4xCO2,50,18.5185,30.294,0.340904,0.635868,30.294,0.287697,3.71354,0.183148,0.348509,7.61554,18.5185,3.03069,2.13157,0.33853
BEST,observations,74,14.4286,1e+20,1e+20,1e+20,1e+20,1e+20,1e+20,1e+20,1e+20,1e+20,14.4258,1e+20,1e+20,1e+20
CCSM4,abrupt4xCO2,50,18.0761,30.2918,0.61031,0.948387,30.2918,0.345379,4.10822,0.407976,0.328723,6.49956,18.0761,3.14592,2.15995,0.348725
CESM1,Forced,66,9.96921e+36,9.96921e+36,9.96921e+36,9.96921e+36,9.96921e+36,9.96921e+36,9.96921e+36,9.96921e+36,9.96921e+36,9.96921e+36,9.96921e+36,9.96921e+36,9.96921e+36,9.96921e+36
CESM1,Forced,37,9.96921e+36,9.96921e+36,9.96921e+36,9.96921e+36,9.96921e+36,9.96921e+36,9.96921e+36,9.96921e+36,9.96921e+36,9.96921e+36,9.96921e+36,9.96921e+36,9.96921e+36,9.96921e+36
CESM1,Forced,66,9.96921e+36,9.96921e+36,9.96921e+36,9.96921e+36,9.96921e+36,9.96921e+36,9.96921e+36,9.96921e+36,9.96921e+36,9.96921e+36,9.96921e+36,9.96921e+36,9.96921e+36,9.96921e+36
CESM2,abrupt4xCO2,50,21.0923,34.7184,0.289696,0.656808,34.7184,0.249659,3.22307,0.0136244,0.281048,6.39935,21.0923,3.30725,1.94241,0.295935
CNRM-CM5,abrupt4xCO2,50,18.347,31.1161,0.673986,0.910519,31.1161,0.315026,2.7255,-0.778178,0.408692,7.88333,18.347,3.30009,1.9211,0.277194
CNRM-CM6-1,abrupt4xCO2,50,19.5346,32.8132,0.433125,0.951643,32.8132,0.30892,3.67204,-0.258056,0.379104,10.243,19.5346,3.20341,2.63807,0.286761
CSIRO-Mk3-6-0,abrupt4xCO2,50,18.2626,29.0471,0.619863,0.946317,29.0471,0.347131,3.96278,4.36173,0.396559,6.17291,18.2626,3.19999,1.61771,0.262769
CSIRO-Mk3L-1-2,abrupt4xCO2,50,18.7731,31.0536,0.378342,0.334483,31.0536,0.213026,4.52965,1.65394,0.259918,7.59907,18.7731,2.94334,1.33274,0.201202
ERA20c,ERA5,124,-32767,-32767,-32767,-32767,-32767,-32767,-32767,-32767,-32767,-32767,-32767,-32767,2.00198,-32767
ERA5,1,74,1e+20,1e+20,1e+20,1e+20,1e+20,1e+20,1e+20,1e+20,1e+20,1e+20,1e+20,2.88842,1e+20,1e+20
ERA5,2,45,-32767,-32767,-32767,-32767,-32767,-32767,-32767,-32767,-32767,-32767,-32767,-32767,2.30534,-32767
ERA5,observations,74,-32767,-32767,-32767,-32767,-32767,-32767,-32767,-32767,-32767,-32767,-32767,-32767,2.16249,-32767
ERSSTv5,1,124,1e+20,26.3379,0.390538,0.868686,26.3379,0.481778,4.29447,2.26708,0.563218,6.8869,1e+20,1e+20,1e+20,0.32549
ERSSTv5,observations,74,1e+20,26.5671,0.405197,0.861493,26.5671,0.443993,4.30491,2.2078,0.52838,6.99375,1e+20,1e+20,1e+20,0.315107
FGOALS-f3-L,abrupt4xCO2,50,17.8834,29.6597,0.553156,1.3087,29.6597,0.336682,3.74082,2.06171,0.426386,5.50118,17.8794,3.10815,1.86031,0.323359
FGOALS-g2,abrupt4xCO2,50,18.2332,31.296,0.310542,0.563158,31.296,0.23178,2.34402,1.02677,0.289175,6.05772,18.2332,3.1178,1.64068,0.235243
FGOALS-g3,abrupt4xCO2,50,18.4407,31.4684,0.328087,0.818402,31.4684,0.27478,2.58581,0.941714,0.276177,4.50828,18.4407,2.98428,1.74133,0.229407
FGOALS-s2,abrupt4xCO2,50,19.4834,31.628,0.450736,1.36989,31.628,0.343776,2.11073,-0.104204,0.351563,5.68404,19.4834,2.96781,2.37289,0.367109
GISS-E2-1-G,abrupt4xCO2,50,17.9135,32.3121,0.333886,0.944353,32.3121,0.352236,2.18818,-1.292,0.282176,6.36385,17.9135,3.10347,2.34485,0.355945
GISS-E2-R,abrupt4xCO2,50,17.6697,30.7675,0.261226,0.297718,30.7675,0.17087,2.26216,0.210262,0.273626,5.36064,17.6697,3.27285,1.9187,0.266956
GISTEMP,observations,124,0.132167,1e+20,1e+20,1e+20,1e+20,1e+20,1e+20,1e+20,1e+20,1e+20,0.132167,1e+20,1e+20,1e+20
GPCC,observations,124,-100000,-100000,-100000,-100000,-100000,-100000,-100000,-100000,-100000,-100000,-100000,2.46575,-100000,-100000
GPCP,observations,45,-9.96921e+36,-9.96921e+36,-9.96921e+36,-9.96921e+36,-9.96921e+36,-9.96921e+36,-9.96921e+36,-9.96921e+36,-9.96921e+36,-9.96921e+36,-9.96921e+36,2.6877,-9.96921e+36,-9.96921e+36
HadCRUT5-0-2,observations,45,0.46791,-1e+30,-1e+30,-1e+30,-1e+30,-1e+30,-1e+30,-1e+30,-1e+30,-1e+30,0.46791,-1e+30,-1e+30,-1e+30
HadGEM2-ES,abrupt4xCO2,50,19.9439,31.2535,0.410464,0.624514,31.2535,0.334464,3.47075,0.27,0.447062,6.36692,19.9439,3.3155,2.22653,0.392982
HadGEM3-GC31-LL,abrupt4xCO2,50,21.4944,33.5223,0.30254,0.862241,33.5223,0.36571,3.21539,-0.0466308,0.470664,7.37424,21.489,3.57328,1.78836,0.322607
HadISSTv1,observations,45,1e+20,26.6579,0.317071,0.866713,26.6579,0.401189,4.38928,2.14276,0.485774,7.24921,1e+20,1e+20,1e+20,0.286403
INM-CM4-8,abrupt4xCO2,50,16.7754,29.6141,0.219964,0.404787,29.6141,0.219477,2.09187,0.573315,0.257766,5.48114,16.7754,3.18606,1.51894,0.237599
IPSL-CM5A-LR,abrupt4xCO2,50,17.7561,31.9653,0.392349,0.689864,31.9653,0.2859,3.9399,-0.104445,0.352625,9.00885,17.7561,2.97402,2.38916,0.317543
IPSL-CM6A-LR,abrupt4xCO2,50,19.7873,31.8802,0.445335,1.24471,31.8802,0.362113,5.74609,-0.61013,0.419668,9.58492,19.7873,3.28886,2.04393,0.358398
MIROC-ES2L,abrupt4xCO2,50,19.0468,31.7632,0.593796,1.53497,31.7632,0.478826,2.81911,-0.353061,0.325799,5.8655,19.0468,3.36545,1.82131,0.340559
MIROC-ESM,abrupt4xCO2,50,19.9457,32.6844,0.203079,0.417937,32.6844,0.21586,2.19298,0.423077,0.284991,5.50076,19.9457,3.14017,1.64115,0.260493
MPI-ESM1-2-LR,abrupt4xCO2,50,18.4086,31.1883,0.550061,0.980636,31.1883,0.35399,3.84108,0.359769,0.455337,7.50853,18.4086,3.0369,2.20897,0.347928
MPI-ESM-P,abrupt4xCO2,50,19.3522,31.8846,0.711329,1.20344,31.8846,0.441462,4.06702,0.47436,0.411431,7.09706,19.3522,3.21094,2.21728,0.359265
MRI-CGCM3,abrupt4xCO2,50,17.9053,30.5698,0.347231,0.876161,30.5698,0.368134,3.74014,-0.519653,0.38052,5.62292,17.9053,3.22666,2.14637,0.252125
MRI-ESM2-0,abrupt4xCO2,50,18.535,31.8792,0.410144,1.07456,31.8792,0.418785,3.60638,-0.321076,0.344258,6.72439,18.535,3.26027,2.36554,0.238982
NASA,Bootstrap,45,9.96921e+36,9.96921e+36,9.96921e+36,9.96921e+36,9.96921e+36,9.96921e+36,9.96921e+36,9.96921e+36,9.96921e+36,9.96921e+36,9.96921e+36,9.96921e+36,9.96921e+36,9.96921e+36
NASA,Bootstrap,45,9.96921e+36,9.96921e+36,9.96921e+36,9.96921e+36,9.96921e+36,9.96921e+36,9.96921e+36,9.96921e+36,9.96921e+36,9.96921e+36,9.96921e+36,9.96921e+36,9.96921e+36,9.96921e+36
NASA,CDR,45,9.96921e+36,9.96921e+36,9.96921e+36,9.96921e+36,9.96921e+36,9.96921e+36,9.96921e+36,9.96921e+36,9.96921e+36,9.96921e+36,9.96921e+36,9.96921e+36,9.96921e+36,9.96921e+36
NASA,CDR,45,9.96921e+36,9.96921e+36,9.96921e+36,9.96921e+36,9.96921e+36,9.96921e+36,9.96921e+36,9.96921e+36,9.96921e+36,9.96921e+36,9.96921e+36,9.96921e+36,9.96921e+36,9.96921e+36
NASA,Team,45,9.96921e+36,9.96921e+36,9.96921e+36,9.96921e+36,9.96921e+36,9.96921e+36,9.96921e+36,9.96921e+36,9.96921e+36,9.96921e+36,9.96921e+36,9.96921e+36,9.96921e+36,9.96921e+36
NASA,Team,45,9.96921e+36,9.96921e+36,9.96921e+36,9.96921e+36,9.96921e+36,9.96921e+36,9.96921e+36,9.96921e+36,9.96921e+36,9.96921e+36,9.96921e+36,9.96921e+36,9.96921e+36,9.96921e+36
NESM3,abrupt4xCO2,50,20.673,32.9003,0.502974,0.714577,32.9003,0.445724,4.54692,0.0382709,0.485691,8.13593,20.673,3.20399,1.93335,0.325925
NorESM2-LM,abrupt4xCO2,50,21.1076,33.1876,0.420849,1.43546,33.1876,0.448139,3.83498,1.60467,0.422028,6.9346,21.1076,3.18353,2.4608,0.354034
AWI-ESM-1-1-LR,lgm,100,9.29983,25.4366,0.468683,0.811873,25.4366,0.481797,3.53674,-0.71897,0.513631,7.51238,9.29983,2.62064,1e+20,0.452563
BEST,observations,74,14.4286,1e+20,1e+20,1e+20,1e+20,1e+20,1e+20,1e+20,1e+20,1e+20,14.4258,1e+20,1e+20,1e+20
CCSM4,lgm,101,8.42218,25.1812,0.583137,0.868284,25.1812,0.457635,4.15728,-0.0936713,0.35594,6.5639,8.42218,2.61607,1.53871,0.328665
CESM1,Forced,66,9.96921e+36,9.96921e+36,9.96921e+36,9.96921e+36,9.96921e+36,9.96921e+36,9.96921e+36,9.96921e+36,9.96921e+36,9.96921e+36,9.96921e+36,9.96921e+36,9.96921e+36,9.96921e+36
CESM1,Forced,37,9.96921e+36,9.96921e+36,9.96921e+36,9.96921e+36,9.96921e+36,9.96921e+36,9.96921e+36,9.96921e+36,9.96921e+36,9.96921e+36,9.96921e+36,9.96921e+36,9.96921e+36,9.96921e+36
CESM1,Forced,66,9.96921e+36,9.96921e+36,9.96921e+36,9.96921e+36,9.96921e+36,9.96921e+36,9.96921e+36,9.96921e+36,9.96921e+36,9.96921e+36,9.96921e+36,9.96921e+36,9.96921e+36,9.96921e+36
CESM2-FV2,lgm,100,7.33418,22.8987,0.691963,0.852483,22.8987,0.514377,4.16062,1.64123,0.449607,6.25662,7.33418,1e+20,2.0761,0.426927
CESM2-WACCM-FV2,lgm,100,6.91833,22.5889,0.535858,0.87943,22.5889,0.443846,4.11394,1.76224,0.413992,6.16353,6.91833,2.5551,1.88431,0.368879
CNRM-CM5,lgm,200,10.5727,25.7753,0.58028,0.830893,25.7753,0.364744,3.27804,-0.60572,0.411352,8.46822,10.5727,2.87219,1.7945,0.339972
COSMOS-ASO,lgm,600,6.97536,23.3032,0.515454,1.77984,23.3032,0.769867,2.94186,0.373778,0.487604,5.54861,6.97536,2.3191,2.20043,0.496298
ERA20c,ERA5,124,-32767,-32767,-32767,-32767,-32767,-32767,-32767,-32767,-32767,-32767,-32767,-32767,2.00198,-32767
ERA5,1,74,1e+20,1e+20,1e+20,1e+20,1e+20,1e+20,1e+20,1e+20,1e+20,1e+20,1e+20,2.88842,1e+20,1e+20
ERA5,2,45,-32767,-32767,-32767,-32767,-32767,-32767,-32767,-32767,-32767,-32767,-32767,-32767,2.30534,-32767
ERA5,observations,74,-32767,-32767,-32767,-32767,-32767,-32767,-32767,-32767,-32767,-32767,-32767,-32767,2.16249,-32767
ERSSTv5,1,124,1e+20,26.3379,0.390538,0.868686,26.3379,0.481778,4.29447,2.26708,0.563218,6.8869,1e+20,1e+20,1e+20,0.32549
ERSSTv5,observations,74,1e+20,26.5671,0.405197,0.861493,26.5671,0.443993,4.30491,2.2078,0.52838,6.99375,1e+20,1e+20,1e+20,0.315107
FGOALS-g2,lgm,100,8.58874,24.4833,0.256828,0.395281,24.4833,0.326972,3.24666,0.656365,0.38923,5.7529,8.58874,2.56703,1.62393,0.226559
GISS-E2-R,lgm,100,9.48219,25.9417,0.28033,0.359817,25.9417,0.22782,1.7967,0.0425896,0.329672,4.71823,9.48219,2.90878,1.5487,0.230991
GISTEMP,observations,124,0.132167,1e+20,1e+20,1e+20,1e+20,1e+20,1e+20,1e+20,1e+20,1e+20,0.132167,1e+20,1e+20,1e+20
GPCC,observations,124,-100000,-100000,-100000,-100000,-100000,-100000,-100000,-100000,-100000,-100000,-100000,2.46575,-100000,-100000
GPCP,observations,45,-9.96921e+36,-9.96921e+36,-9.96921e+36,-9.96921e+36,-9.96921e+36,-9.96921e+36,-9.96921e+36,-9.96921e+36,-9.96921e+36,-9.96921e+36,-9.96921e+36,2.6877,-9.96921e+36,-9.96921e+36
HadCRUT5-0-2,observations,45,0.46791,-1e+30,-1e+30,-1e+30,-1e+30,-1e+30,-1e+30,-1e+30,-1e+30,-1e+30,0.46791,-1e+30,-1e+30,-1e+30
HadISSTv1,observations,45,1e+20,26.6579,0.317071,0.866713,26.6579,0.401189,4.38928,2.14276,0.485774,7.24921,1e+20,1e+20,1e+20,0.286403
INM-CM4-8,lgm,200,9.54187,25.6977,0.250915,0.528261,25.6977,0.432159,1.67391,-2.9652,0.584344,5.67192,9.54187,2.73554,1.82116,0.304871
IPSL-CM5A-LR,lgm,200,7.43754,23.0723,0.541382,0.903658,23.0723,0.431733,4.551,0.577977,0.461892,8.04154,7.43754,2.30962,1.61037,0.272566
MIROC-ES2L,lgm,100,10.9411,25.0105,0.438173,1.02696,25.0105,0.727198,3.99324,0.392739,0.496837,5.42371,10.9411,2.91379,1.97299,0.330663
MIROC-ESM,lgm,100,8.59476,25.0469,0.555435,0.543529,25.0469,0.360308,3.41088,0.229083,0.441827,5.53191,8.59476,2.5209,1.89623,0.341445
MPI-ESM1-2-LR,lgm,200,9.62715,25.7442,0.45667,1.01183,25.7442,0.501608,3.11609,-0.928376,0.517963,6.82043,9.62715,2.62145,2.04534,0.380126
MPI-ESM-P,lgm,100,9.23234,24.943,0.406952,0.782662,24.943,0.460227,2.87111,-0.320848,0.476685,5.25287,9.23234,2.68221,1.92285,0.423723
MRI-CGCM3,lgm,100,8.90952,23.2944,0.425784,0.574592,23.2944,0.442943,5.07977,-0.293775,0.342197,5.86332,8.90952,2.5699,1.76143,0.289562
NASA,Bootstrap,45,9.96921e+36,9.96921e+36,9.96921e+36,9.96921e+36,9.96921e+36,9.96921e+36,9.96921e+36,9.96921e+36,9.96921e+36,9.96921e+36,9.96921e+36,9.96921e+36,9.96921e+36,9.96921e+36
NASA,Bootstrap,45,9.96921e+36,9.96921e+36,9.96921e+36,9.96921e+36,9.96921e+36,9.96921e+36,9.96921e+36,9.96921e+36,9.96921e+36,9.96921e+36,9.96921e+36,9.96921e+36,9.96921e+36,9.96921e+36
NASA,CDR,45,9.96921e+36,9.96921e+36,9.96921e+36,9.96921e+36,9.96921e+36,9.96921e+36,9.96921e+36,9.96921e+36,9.96921e+36,9.96921e+36,9.96921e+36,9.96921e+36,9.96921e+36,9.96921e+36
NASA,CDR,45,9.96921e+36,9.96921e+36,9.96921e+36,9.96921e+36,9.96921e+36,9.96921e+36,9.96921e+36,9.96921e+36,9.96921e+36,9.96921e+36,9.96921e+36,9.96921e+36,9.96921e+36,9.96921e+36
NASA,Team,45,9.96921e+36,9.96921e+36,9.96921e+36,9.96921e+36,9.96921e+36,9.96921e+36,9.96921e+36,9.96921e+36,9.96921e+36,9.96921e+36,9.96921e+36,9.96921e+36,9.96921e+36,9.96921e+36
NASA,Team,45,9.96921e+36,9.96921e+36,9.96921e+36,9.96921e+36,9.96921e+36,9.96921e+36,9.96921e+36,9.96921e+36,9.96921e+36,9.96921e+36,9.96921e+36,9.96921e+36,9.96921e+36,9.96921e+36
UofT-CCSM-4,lgm,100,7.34211,24.5671,0.622251,0.629749,24.5671,0.435421,4.17077,0.340957,0.339417,6.46696,7.34211,2.52427,1.23208,0.352743
ACCESS-ESM1-5,lig127k,200,14.916,27.0223,0.425932,0.66494,27.0223,0.471324,1.95257,1.62131,0.481039,6.01215,14.916,3.23609,1.78475,0.291774
AWI-ESM-1-1-LR,lig127k,100,12.756,26.2185,0.628081,0.518772,26.2185,0.415809,1.62409,-0.115046,0.421896,6.0918,12.756,2.83064,2.03268,0.317414
BEST,observations,74,14.4286,1e+20,1e+20,1e+20,1e+20,1e+20,1e+20,1e+20,1e+20,1e+20,14.4258,1e+20,1e+20,1e+20
CESM1,Forced,66,9.96921e+36,9.96921e+36,9.96921e+36,9.96921e+36,9.96921e+36,9.96921e+36,9.96921e+36,9.96921e+36,9.96921e+36,9.96921e+36,9.96921e+36,9.96921e+36,9.96921e+36,9.96921e+36
CESM1,Forced,37,9.96921e+36,9.96921e+36,9.96921e+36,9.96921e+36,9.96921e+36,9.96921e+36,9.96921e+36,9.96921e+36,9.96921e+36,9.96921e+36,9.96921e+36,9.96921e+36,9.96921e+36,9.96921e+36
CESM1,Forced,66,9.96921e+36,9.96921e+36,9.96921e+36,9.96921e+36,9.96921e+36,9.96921e+36,9.96921e+36,9.96921e+36,9.96921e+36,9.96921e+36,9.96921e+36,9.96921e+36,9.96921e+36,9.96921e+36
CESM2,lig127k,700,13.9639,27.4285,0.559847,0.917582,27.4285,0.369388,2.63083,1.73263,0.373439,7.38942,13.9639,2.92884,2.15938,0.352596
CNRM-CM6-1,lig127k,201,13.1996,27.3098,0.479797,0.655207,27.3098,0.336985,1.51563,0.224914,0.389335,8.33642,13.1996,2.94528,2.07079,0.317874
EC-Earth3-LR,lig127k,210,13.6958,26.6643,0.413845,0.49902,26.6643,0.379001,3.06194,0.188677,0.359281,8.42259,13.6958,2.84708,2.13808,0.343497
ERA20c,ERA5,124,-32767,-32767,-32767,-32767,-32767,-32767,-32767,-32767,-32767,-32767,-32767,-32767,2.00198,-32767
ERA5,1,74,1e+20,1e+20,1e+20,1e+20,1e+20,1e+20,1e+20,1e+20,1e+20,1e+20,1e+20,2.88842,1e+20,1e+20
ERA5,2,45,-32767,-32767,-32767,-32767,-32767,-32767,-32767,-32767,-32767,-32767,-32767,-32767,2.30534,-32767
ERA5,observations,74,-32767,-32767,-32767,-32767,-32767,-32767,-32767,-32767,-32767,-32767,-32767,-32767,2.16249,-32767
ERSSTv5,1,124,1e+20,26.3379,0.390538,0.868686,26.3379,0.481778,4.29447,2.26708,0.563218,6.8869,1e+20,1e+20,1e+20,0.32549
ERSSTv5,observations,74,1e+20,26.5671,0.405197,0.861493,26.5671,0.443993,4.30491,2.2078,0.52838,6.99375,1e+20,1e+20,1e+20,0.315107
FGOALS-f3-L,lig127k,500,12.4606,25.9388,0.580199,1.08485,25.9388,0.334477,2.14618,1.36451,0.323838,5.72036,12.4563,2.81587,2.06938,0.330869
FGOALS-g3,lig127k,500,14.3042,26.8165,0.369601,0.755224,26.8165,0.407435,3.90047,1.10337,0.250351,4.3575,14.3042,2.79939,1.90508,0.26485
GISS-E2-1-G,lig127k,100,13.6781,28.0709,0.439733,1.18092,28.0709,0.362533,1.29363,-0.0130467,0.323732,5.94003,13.6781,2.96182,2.0698,0.388375
GISTEMP,observations,124,0.132167,1e+20,1e+20,1e+20,1e+20,1e+20,1e+20,1e+20,1e+20,1e+20,0.132167,1e+20,1e+20,1e+20
GPCC,observations,124,-100000,-100000,-100000,-100000,-100000,-100000,-100000,-100000,-100000,-100000,-100000,2.46575,-100000,-100000
GPCP,observations,45,-9.96921e+36,-9.96921e+36,-9.96921e+36,-9.96921e+36,-9.96921e+36,-9.96921e+36,-9.96921e+36,-9.96921e+36,-9.96921e+36,-9.96921e+36,-9.96921e+36,2.6877,-9.96921e+36,-9.96921e+36
HadCRUT5-0-2,observations,45,0.46791,-1e+30,-1e+30,-1e+30,-1e+30,-1e+30,-1e+30,-1e+30,-1e+30,-1e+30,0.46791,-1e+30,-1e+30,-1e+30
HadGEM3-GC31-LL,lig127k,100,14.2875,27.3215,0.491729,0.663991,27.3215,0.465315,2.19918,1.21059,0.401182,7.43329,14.2831,3.17991,1e+20,0.330118
HadISSTv1,observations,45,1e+20,26.6579,0.317071,0.866713,26.6579,0.401189,4.38928,2.14276,0.485774,7.24921,1e+20,1e+20,1e+20,0.286403
INM-CM4-8,lig127k,100,13.083,26.7201,0.261247,0.502643,26.7201,0.276837,1.96778,0.461543,0.288219,5.6473,13.083,3.02526,1.67763,0.266573
IPSL-CM6A-LR,lig127k,550,12.6189,26.0464,0.475863,0.802327,26.0464,0.4117,3.05644,0.281247,0.42025,7.40228,12.6189,2.97768,2.21275,0.36488
LOVECLIM,lig127k,100,15.7044,9.96921e+36,9.96921e+36,9.96921e+36,9.96921e+36,9.96921e+36,9.96921e+36,9.96921e+36,9.96921e+36,9.96921e+36,15.7044,2.82697,9.96921e+36,9.96921e+36
MIROC-ES2L,lig127k,100,14.5637,26.6497,0.480406,0.543151,26.6497,0.417089,2.06926,0.523689,0.368467,5.4846,14.5637,3.17965,1.82356,0.287092
MPI-ESM1-2-LR,lig127k,300,13.3989,26.7069,0.669828,0.573797,26.7069,0.385359,2.69922,0.174464,0.39473,5.80013,13.3989,2.8601,2.13624,0.340579
NASA,Bootstrap,45,9.96921e+36,9.96921e+36,9.96921e+36,9.96921e+36,9.96921e+36,9.96921e+36,9.96921e+36,9.96921e+36,9.96921e+36,9.96921e+36,9.96921e+36,9.96921e+36,9.96921e+36,9.96921e+36
NASA,Bootstrap,45,9.96921e+36,9.96921e+36,9.96921e+36,9.96921e+36,9.96921e+36,9.96921e+36,9.96921e+36,9.96921e+36,9.96921e+36,9.96921e+36,9.96921e+36,9.96921e+36,9.96921e+36,9.96921e+36
NASA,CDR,45,9.96921e+36,9.96921e+36,9.96921e+36,9.96921e+36,9.96921e+36,9.96921e+36,9.96921e+36,9.96921e+36,9.96921e+36,9.96921e+36,9.96921e+36,9.96921e+36,9.96921e+36,9.96921e+36
NASA,CDR,45,9.96921e+36,9.96921e+36,9.96921e+36,9.96921e+36,9.96921e+36,9.96921e+36,9.96921e+36,9.96921e+36,9.96921e+36,9.96921e+36,9.96921e+36,9.96921e+36,9.96921e+36,9.96921e+36
NASA,Team,45,9.96921e+36,9.96921e+36,9.96921e+36,9.96921e+36,9.96921e+36,9.96921e+36,9.96921e+36,9.96921e+36,9.96921e+36,9.96921e+36,9.96921e+36,9.96921e+36,9.96921e+36,9.96921e+36
NASA,Team,45,9.96921e+36,9.96921e+36,9.96921e+36,9.96921e+36,9.96921e+36,9.96921e+36,9.96921e+36,9.96921e+36,9.96921e+36,9.96921e+36,9.96921e+36,9.96921e+36,9.96921e+36,9.96921e+36
NESM3,lig127k,100,13.8401,27.1828,0.444604,0.535428,27.1828,0.463993,3.34968,-0.659019,0.507104,6.32245,13.8401,2.88909,2.2519,0.311318
NorESM1-F,lig127k,200,14.2271,27.2747,0.332232,0.481086,27.2747,0.310526,1.77765,-0.0657608,0.29178,6.96043,14.2271,2.83234,1.89816,0.376136
NorESM2-LM,lig127k,100,14.3805,26.9448,0.59569,1.25119,26.9448,0.590548,2.18854,1.5271,0.456611,7.48827,14.3805,3.04146,2.13065,0.41455
ACCESS-ESM1-5,midHolocene,300,14.2119,26.3587,0.507626,0.776672,26.3587,0.543221,3.24648,1.77307,0.442364,5.77167,14.2119,3.19515,1.68529,0.329844
AWI-ESM-1-1-LR,midHolocene,100,12.5705,26.2786,0.476673,0.627442,26.2786,0.431518,2.67041,-0.14173,0.454368,5.97965,12.5705,2.8058,2.22477,0.395974
BCC-CSM1-1,midHolocene,100,13.5752,26.3592,0.341261,0.661296,26.3592,0.36795,3.09946,-0.186677,0.413771,7.67477,13.5752,2.78226,1.92409,0.334852
BEST,observations,74,14.4286,1e+20,1e+20,1e+20,1e+20,1e+20,1e+20,1e+20,1e+20,1e+20,14.4258,1e+20,1e+20,1e+20
CCSM4,midHolocene,301,13.0734,27.1141,0.46394,1.00788,27.1141,0.394552,3.33297,-0.0211261,0.313157,6.65338,13.0734,2.91904,1.92547,0.372634
CESM1,Forced,66,9.96921e+36,9.96921e+36,9.96921e+36,9.96921e+36,9.96921e+36,9.96921e+36,9.96921e+36,9.96921e+36,9.96921e+36,9.96921e+36,9.96921e+36,9.96921e+36,9.96921e+36,9.96921e+36
CESM1,Forced,37,9.96921e+36,9.96921e+36,9.96921e+36,9.96921e+36,9.96921e+36,9.96921e+36,9.96921e+36,9.96921e+36,9.96921e+36,9.96921e+36,9.96921e+36,9.96921e+36,9.96921e+36,9.96921e+36
CESM1,Forced,66,9.96921e+36,9.96921e+36,9.96921e+36,9.96921e+36,9.96921e+36,9.96921e+36,9.96921e+36,9.96921e+36,9.96921e+36,9.96921e+36,9.96921e+36,9.96921e+36,9.96921e+36,9.96921e+36
CESM2,midHolocene,700,13.8469,27.3634,0.594068,1.04222,27.3634,0.40728,3.71996,1.92357,0.38067,7.01751,13.8469,2.92541,2.22019,0.372504
CNRM-CM5,midHolocene,200,13.3811,27.159,0.537132,0.730984,27.159,0.39914,2.77284,-0.600482,0.399698,7.86105,13.3811,3.07173,1.74363,0.257133
CSIRO-Mk3-6-0,midHolocene,100,12.7502,23.7005,1.01069,0.795908,23.7005,0.444788,2.44692,4.34445,0.503298,5.87704,12.7502,2.89142,2.07843,0.374192
CSIRO-Mk3L-1-2,midHolocene,500,14.0356,26.7182,0.505526,0.438586,26.7182,0.261806,4.04709,2.09278,0.321389,7.93737,14.0356,2.71882,1.36719,0.240488
EC-Earth3-LR,midHolocene,203,13.2468,26.4241,0.488214,0.600527,26.4241,0.507916,3.90159,0.0476195,0.381061,8.97703,13.2468,2.81773,2.24689,0.352608
EC-Earth3,midHolocene,200,13.6343,26.7314,0.553682,0.604598,26.7314,0.539327,4.13823,0.194543,0.369794,9.1743,13.6324,2.87449,1.99647,0.333939
ERA20c,ERA5,124,-32767,-32767,-32767,-32767,-32767,-32767,-32767,-32767,-32767,-32767,-32767,-32767,2.00198,-32767
ERA5,1,74,1e+20,1e+20,1e+20,1e+20,1e+20,1e+20,1e+20,1e+20,1e+20,1e+20,1e+20,2.88842,1e+20,1e+20
ERA5,2,45,-32767,-32767,-32767,-32767,-32767,-32767,-32767,-32767,-32767,-32767,-32767,-32767,2.30534,-32767
ERA5,observations,74,-32767,-32767,-32767,-32767,-32767,-32767,-32767,-32767,-32767,-32767,-32767,-32767,2.16249,-32767
ERSSTv5,1,124,1e+20,26.3379,0.390538,0.868686,26.3379,0.481778,4.29447,2.26708,0.563218,6.8869,1e+20,1e+20,1e+20,0.32549
ERSSTv5,observations,74,1e+20,26.5671,0.405197,0.861493,26.5671,0.443993,4.30491,2.2078,0.52838,6.99375,1e+20,1e+20,1e+20,0.315107
FGOALS-f3-L,midHolocene,500,12.512,26.0452,0.658757,1.32231,26.0452,0.372,2.7858,1.33342,0.33672,5.58049,12.5079,2.8198,2.00025,0.320274
FGOALS-g2,midHolocene,680,12.4365,26.6042,0.266199,0.548512,26.6042,0.264219,1.91975,0.901122,0.288471,5.4883,12.4365,2.80295,1.5238,0.268346
FGOALS-g3,midHolocene,500,13.7846,26.7255,0.387623,0.839243,26.7255,0.382287,1.82572,1.24221,0.276416,4.48431,13.7846,2.76846,1.9046,0.301665
FGOALS-s2,midHolocene,100,13.4827,25.6602,0.678466,1.0381,25.6602,0.426683,3.15655,1.04151,0.363334,5.45172,13.4827,2.64203,2.21102,0.296257
GISS-E2-1-G,midHolocene,100,13.4162,27.9329,0.405395,1.12828,27.9329,0.322311,1.884,-0.159627,0.356712,6.27074,13.4162,2.94875,2.16013,0.376044
GISS-E2-R,midHolocene,100,14.1851,27.746,0.27897,0.487694,27.746,0.183094,0.974422,0.678979,0.252129,4.97917,14.1851,3.16707,1.91257,0.27021
GISTEMP,observations,124,0.132167,1e+20,1e+20,1e+20,1e+20,1e+20,1e+20,1e+20,1e+20,1e+20,0.132167,1e+20,1e+20,1e+20
GPCC,observations,124,-100000,-100000,-100000,-100000,-100000,-100000,-100000,-100000,-100000,-100000,-100000,2.46575,-100000,-100000
GPCP,observations,45,-9.96921e+36,-9.96921e+36,-9.96921e+36,-9.96921e+36,-9.96921e+36,-9.96921e+36,-9.96921e+36,-9.96921e+36,-9.96921e+36,-9.96921e+36,-9.96921e+36,2.6877,-9.96921e+36,-9.96921e+36
HadCRUT5-0-2,observations,45,0.46791,-1e+30,-1e+30,-1e+30,-1e+30,-1e+30,-1e+30,-1e+30,-1e+30,-1e+30,0.46791,-1e+30,-1e+30,-1e+30
HadGEM2-CC,midHolocene,35,13.4596,25.8623,0.452066,0.683381,25.8623,0.582565,3.34533,0.879138,0.729488,6.04615,13.4596,3.06823,2.27489,0.332192
HadGEM2-ES,midHolocene,101,13.9849,26.3647,0.444972,0.648781,26.3647,0.549735,3.21099,0.69661,0.558226,6.22339,13.9849,3.10913,1.76933,0.341394
HadGEM3-GC31-LL,midHolocene,100,13.6707,26.8915,0.494533,0.920026,26.8915,0.546264,3.30154,0.653381,0.467537,7.35954,13.6651,3.13639,1.99229,0.391637
HadISSTv1,observations,45,1e+20,26.6579,0.317071,0.866713,26.6579,0.401189,4.38928,2.14276,0.485774,7.24921,1e+20,1e+20,1e+20,0.286403
INM-CM4-8,midHolocene,200,12.9601,26.5354,0.248861,0.466211,26.5354,0.329903,2.05112,0.572844,0.295064,5.65311,12.9601,2.99346,1.44109,0.306433
IPSL-CM5A-LR,midHolocene,500,11.944,26.3928,0.485399,0.564079,26.3928,0.325949,3.12463,0.883819,0.382596,8.47966,11.944,2.65345,2.2155,0.361451
IPSL-CM6A-LR,midHolocene,550,12.3512,25.8074,0.498455,0.925525,25.8074,0.424535,4.567,0.0631442,0.425381,8.1352,12.3512,1e+20,2.3385,0.350809
MIROC-ES2L,midHolocene,100,14.5097,27.0108,0.438082,0.745937,27.0108,0.430642,2.94059,0.431074,0.363334,5.61403,14.5097,3.16569,1.48573,0.321601
MIROC-ESM,midHolocene,100,13.3466,26.5616,0.306915,0.402489,26.5616,0.308954,2.61796,0.511721,0.368762,5.39359,13.3466,2.80157,2.10041,0.218449
MPI-ESM1-2-LR,midHolocene,500,13.1723,26.7699,0.539125,0.661054,26.7699,0.39483,2.47923,0.133146,0.481337,6.01727,13.1723,2.83434,2.05806,0.384865
MPI-ESM-P,midHolocene,100,13.404,26.4101,0.620909,0.661853,26.4101,0.37735,2.27259,0.382648,0.401184,4.94118,13.404,2.92152,2.09009,0.335992
MRI-CGCM3,midHolocene,100,13.5644,25.9078,0.356948,0.666479,25.9078,0.394911,3.21432,-0.292989,0.354074,5.95358,13.5644,2.93184,2.13758,0.253796
MRI-ESM2-0,midHolocene,200,13.643,26.7229,0.417133,0.710158,26.7229,0.407864,3.9095,1.38712,0.417423,5.85672,13.643,2.99714,2.08251,0.24836
NASA,Bootstrap,45,9.96921e+36,9.96921e+36,9.96921e+36,9.96921e+36,9.96921e+36,9.96921e+36,9.96921e+36,9.96921e+36,9.96921e+36,9.96921e+36,9.96921e+36,9.96921e+36,9.96921e+36,9.96921e+36
NASA,Bootstrap,45,9.96921e+36,9.96921e+36,9.96921e+36,9.96921e+36,9.96921e+36,9.96921e+36,9.96921e+36,9.96921e+36,9.96921e+36,9.96921e+36,9.96921e+36,9.96921e+36,9.96921e+36,9.96921e+36
NASA,CDR,45,9.96921e+36,9.96921e+36,9.96921e+36,9.96921e+36,9.96921e+36,9.96921e+36,9.96921e+36,9.96921e+36,9.96921e+36,9.96921e+36,9.96921e+36,9.96921e+36,9.96921e+36,9.96921e+36
NASA,CDR,45,9.96921e+36,9.96921e+36,9.96921e+36,9.96921e+36,9.96921e+36,9.96921e+36,9.96921e+36,9.96921e+36,9.96921e+36,9.96921e+36,9.96921e+36,9.96921e+36,9.96921e+36,9.96921e+36
NASA,Team,45,9.96921e+36,9.96921e+36,9.96921e+36,9.96921e+36,9.96921e+36,9.96921e+36,9.96921e+36,9.96921e+36,9.96921e+36,9.96921e+36,9.96921e+36,9.96921e+36,9.96921e+36,9.96921e+36
NASA,Team,45,9.96921e+36,9.96921e+36,9.96921e+36,9.96921e+36,9.96921e+36,9.96921e+36,9.96921e+36,9.96921e+36,9.96921e+36,9.96921e+36,9.96921e+36,9.96921e+36,9.96921e+36,9.96921e+36
NESM3,midHolocene,100,13.4636,26.9504,0.446388,0.629746,26.9504,0.449082,2.84924,-0.435071,0.511371,6.93252,13.4636,2.85755,2.08635,0.308192
NorESM1-F,midHolocene,200,14.1452,27.4717,0.361339,0.538026,27.4717,0.351272,2.77647,-0.240068,0.337585,6.98488,14.1452,2.81905,2.11783,0.360057
NorESM2-LM,midHolocene,100,14.2489,26.7937,0.560492,1.47842,26.7937,0.691411,3.16743,1.57782,0.503746,7.01587,14.2489,3.04211,2.0992,0.349821
UofT-CCSM-4,midHolocene,100,12.4423,26.5529,0.449396,0.60379,26.5529,0.365849,2.91798,-0.179773,0.32501,6.74141,12.4423,2.8695,2.02048,0.374398
BEST,observations,74,14.4286,1e+20,1e+20,1e+20,1e+20,1e+20,1e+20,1e+20,1e+20,1e+20,14.4258,1e+20,1e+20,1e+20
CESM1,Forced,66,9.96921e+36,9.96921e+36,9.96921e+36,9.96921e+36,9.96921e+36,9.96921e+36,9.96921e+36,9.96921e+36,9.96921e+36,9.96921e+36,9.96921e+36,9.96921e+36,9.96921e+36,9.96921e+36
CESM1,Forced,37,9.96921e+36,9.96921e+36,9.96921e+36,9.96921e+36,9.96921e+36,9.96921e+36,9.96921e+36,9.96921e+36,9.96921e+36,9.96921e+36,9.96921e+36,9.96921e+36,9.96921e+36,9.96921e+36
CESM1,Forced,66,9.96921e+36,9.96921e+36,9.96921e+36,9.96921e+36,9.96921e+36,9.96921e+36,9.96921e+36,9.96921e+36,9.96921e+36,9.96921e+36,9.96921e+36,9.96921e+36,9.96921e+36,9.96921e+36
CESM2,midPliocene-eoi400,1200,19.0015,31.5208,0.62797,1.16432,31.5208,0.42209,4.36783,1.4806,0.371297,6.7532,19.0015,3.26056,2.28969,0.392422
EC-Earth3-LR,midPliocene-eoi400,100,18.1468,29.9173,0.411236,0.357311,29.9173,0.371787,4.21688,0.0139432,0.359687,8.5682,18.1468,3.12815,1.90544,0.329642
ERA20c,ERA5,124,-32767,-32767,-32767,-32767,-32767,-32767,-32767,-32767,-32767,-32767,-32767,-32767,2.00198,-32767
ERA5,1,74,1e+20,1e+20,1e+20,1e+20,1e+20,1e+20,1e+20,1e+20,1e+20,1e+20,1e+20,2.88842,1e+20,1e+20
ERA5,2,45,-32767,-32767,-32767,-32767,-32767,-32767,-32767,-32767,-32767,-32767,-32767,-32767,2.30534,-32767
ERA5,observations,74,-32767,-32767,-32767,-32767,-32767,-32767,-32767,-32767,-32767,-32767,-32767,-32767,2.16249,-32767
ERSSTv5,1,124,1e+20,26.3379,0.390538,0.868686,26.3379,0.481778,4.29447,2.26708,0.563218,6.8869,1e+20,1e+20,1e+20,0.32549
ERSSTv5,observations,74,1e+20,26.5671,0.405197,0.861493,26.5671,0.443993,4.30491,2.2078,0.52838,6.99375,1e+20,1e+20,1e+20,0.315107
GISS-E2-1-G,midPliocene-eoi400,100,15.8968,29.2113,0.438533,1.19549,29.2113,0.371999,2.96741,-0.14755,0.361999,6.43383,15.8968,3.04323,2.72316,0.418558
GISTEMP,observations,124,0.132167,1e+20,1e+20,1e+20,1e+20,1e+20,1e+20,1e+20,1e+20,1e+20,0.132167,1e+20,1e+20,1e+20
GPCC,observations,124,-100000,-100000,-100000,-100000,-100000,-100000,-100000,-100000,-100000,-100000,-100000,2.46575,-100000,-100000
GPCP,observations,45,-9.96921e+36,-9.96921e+36,-9.96921e+36,-9.96921e+36,-9.96921e+36,-9.96921e+36,-9.96921e+36,-9.96921e+36,-9.96921e+36,-9.96921e+36,-9.96921e+36,2.6877,-9.96921e+36,-9.96921e+36
HadCRUT5-0-2,observations,45,0.46791,-1e+30,-1e+30,-1e+30,-1e+30,-1e+30,-1e+30,-1e+30,-1e+30,-1e+30,0.46791,-1e+30,-1e+30,-1e+30
HadGEM3-GC31-LL,midPliocene-eoi400,100,18.9683,31.07,0.436262,0.706738,31.07,0.440403,3.84797,0.619316,0.464222,7.1057,18.9625,3.49145,1e+20,0.364869
HadISSTv1,observations,45,1e+20,26.6579,0.317071,0.866713,26.6579,0.401189,4.38928,2.14276,0.485774,7.24921,1e+20,1e+20,1e+20,0.286403
IPSL-CM6A-LR,midPliocene-eoi400,200,15.9784,28.1071,0.553387,0.999978,28.1071,0.380308,5.88823,0.145058,0.394335,8.45978,15.9784,3.17046,2.42358,0.358467
NASA,Bootstrap,45,9.96921e+36,9.96921e+36,9.96921e+36,9.96921e+36,9.96921e+36,9.96921e+36,9.96921e+36,9.96921e+36,9.96921e+36,9.96921e+36,9.96921e+36,9.96921e+36,9.96921e+36,9.96921e+36
NASA,Bootstrap,45,9.96921e+36,9.96921e+36,9.96921e+36,9.96921e+36,9.96921e+36,9.96921e+36,9.96921e+36,9.96921e+36,9.96921e+36,9.96921e+36,9.96921e+36,9.96921e+36,9.96921e+36,9.96921e+36
NASA,CDR,45,9.96921e+36,9.96921e+36,9.96921e+36,9.96921e+36,9.96921e+36,9.96921e+36,9.96921e+36,9.96921e+36,9.96921e+36,9.96921e+36,9.96921e+36,9.96921e+36,9.96921e+36,9.96921e+36
NASA,CDR,45,9.96921e+36,9.96921e+36,9.96921e+36,9.96921e+36,9.96921e+36,9.96921e+36,9.96921e+36,9.96921e+36,9.96921e+36,9.96921e+36,9.96921e+36,9.96921e+36,9.96921e+36,9.96921e+36
NASA,Team,45,9.96921e+36,9.96921e+36,9.96921e+36,9.96921e+36,9.96921e+36,9.96921e+36,9.96921e+36,9.96921e+36,9.96921e+36,9.96921e+36,9.96921e+36,9.96921e+36,9.96921e+36,9.96921e+36
NASA,Team,45,9.96921e+36,9.96921e+36,9.96921e+36,9.96921e+36,9.96921e+36,9.96921e+36,9.96921e+36,9.96921e+36,9.96921e+36,9.96921e+36,9.96921e+36,9.96921e+36,9.96921e+36,9.96921e+36
NorESM1-F,midPliocene-eoi400,200,16.2346,28.8221,0.394609,0.415468,28.8221,0.422538,3.74116,-0.0882761,0.34824,6.51965,16.2346,2.98413,2.09712,0.373319
UofT-CCSM-4,midPliocene-eoi400,100,16.793,29.3439,0.440657,0.514718,29.3439,0.338591,3.80948,0.0319262,0.281854,6.19804,16.793,3.12722,1.60516,0.384467
ACCESS-ESM1-5,piControl,100,14.4566,26.9863,0.558678,0.788372,26.9863,0.578836,3.63253,1.29933,0.467318,5.49363,14.4566,3.21295,1.74682,0.372285
AWI-ESM-1-1-LR,piControl,100,13.0093,26.9828,0.463043,0.665857,26.9828,0.435489,3.46768,-0.506204,0.463136,6.71959,13.0093,2.80474,2.22677,0.321097
BCC-CSM1-1,piControl,500,13.7105,26.6758,0.419768,0.695668,26.6758,0.389218,3.91039,-0.267241,0.434043,7.4523,13.7105,2.79524,1.95963,0.355281
BEST,observations,74,14.4286,1e+20,1e+20,1e+20,1e+20,1e+20,1e+20,1e+20,1e+20,1e+20,14.4258,1e+20,1e+20,1e+20
CCSM4,piControl,1051,13.334,27.335,0.606871,1.04986,27.335,0.40659,4.10896,0.00971016,0.335448,6.47268,13.334,2.93121,1.99667,0.385166
CESM1,Forced,66,9.96921e+36,9.96921e+36,9.96921e+36,9.96921e+36,9.96921e+36,9.96921e+36,9.96921e+36,9.96921e+36,9.96921e+36,9.96921e+36,9.96921e+36,9.96921e+36,9.96921e+36,9.96921e+36
CESM1,Forced,37,9.96921e+36,9.96921e+36,9.96921e+36,9.96921e+36,9.96921e+36,9.96921e+36,9.96921e+36,9.96921e+36,9.96921e+36,9.96921e+36,9.96921e+36,9.96921e+36,9.96921e+36,9.96921e+36
CESM1,Forced,66,9.96921e+36,9.96921e+36,9.96921e+36,9.96921e+36,9.96921e+36,9.96921e+36,9.96921e+36,9.96921e+36,9.96921e+36,9.96921e+36,9.96921e+36,9.96921e+36,9.96921e+36,9.96921e+36
CESM2-FV2,piControl,150,13.9196,27.2375,0.873351,1.01749,27.2375,0.409973,4.12401,1.08697,0.399565,6.88134,13.9196,1e+20,2.61335,0.314523
CESM2,piControl,500,14.052,27.7394,0.663192,1.14058,27.7394,0.395195,4.3407,1.7426,0.392528,6.96844,14.052,2.94556,2.22449,0.349252
CESM2-WACCM-FV2,piControl,300,13.9525,27.3356,0.857327,1.08198,27.3356,0.417109,4.05342,0.995919,0.416878,6.89671,13.9525,2.99422,2.54898,0.352449
CNRM-CM5,piControl,850,13.2004,27.25,0.622055,0.810401,27.25,0.369475,2.86843,-0.674807,0.42569,8.15542,13.2004,3.06066,1.77619,0.311536
CNRM-CM6-1,piControl,500,12.8577,27.2503,0.588414,0.844245,27.2503,0.366352,3.6722,0.16031,0.422131,8.70045,12.8577,2.90027,2.08731,0.301703
COSMOS-ASO,piControl,400,12.4407,27.3068,0.536309,1.77939,27.3068,0.561639,2.7202,0.101219,0.518816,4.80763,12.4407,2.64294,2.35149,0.342758
CSIRO-Mk3-6-0,piControl,500,12.7337,23.9278,0.752779,0.67978,23.9278,0.41393,3.37139,4.30603,0.503012,5.65409,12.7337,2.89504,1.65351,0.341289
EC-EARTH-2-2,piControl,40,9.96921e+36,9.96921e+36,9.96921e+36,9.96921e+36,9.96921e+36,9.96921e+36,9.96921e+36,9.96921e+36,9.96921e+36,9.96921e+36,9.96921e+36,9.96921e+36,9.96921e+36,9.96921e+36
EC-Earth3-LR,piControl,201,13.2985,26.9101,0.649997,0.691016,26.9101,0.491659,4.90681,-0.289064,0.379722,8.95259,13.2985,2.81702,2.13573,0.341409
EC-Earth3,piControl,501,13.8628,27.224,0.636833,0.70418,27.224,0.515274,5.22009,-0.139372,0.425456,9.01164,13.8606,2.88372,2.06509,0.253927
EC-Earth3-Veg,piControl,500,1e+20,1e+20,1e+20,1e+20,1e+20,1e+20,1e+20,1e+20,1e+20,1e+20,1e+20,2.87086,1e+20,1e+20
ERA20c,ERA5,124,-32767,-32767,-32767,-32767,-32767,-32767,-32767,-32767,-32767,-32767,-32767,-32767,2.00198,-32767
ERA5,1,74,1e+20,1e+20,1e+20,1e+20,1e+20,1e+20,1e+20,1e+20,1e+20,1e+20,1e+20,2.88842,1e+20,1e+20
ERA5,2,45,-32767,-32767,-32767,-32767,-32767,-32767,-32767,-32767,-32767,-32767,-32767,-32767,2.30534,-32767
ERA5,observations,74,-32767,-32767,-32767,-32767,-32767,-32767,-32767,-32767,-32767,-32767,-32767,-32767,2.16249,-32767
ERSSTv5,1,124,1e+20,26.3379,0.390538,0.868686,26.3379,0.481778,4.29447,2.26708,0.563218,6.8869,1e+20,1e+20,1e+20,0.32549
ERSSTv5,observations,74,1e+20,26.5671,0.405197,0.861493,26.5671,0.443993,4.30491,2.2078,0.52838,6.99375,1e+20,1e+20,1e+20,0.315107
FGOALS-f3-L,piControl,561,12.8781,26.6683,0.727897,1.34977,26.6683,0.393509,3.38074,1.09839,0.407684,5.26406,12.8736,2.84374,1.93228,0.318518
FGOALS-g2,piControl,700,13.1696,27.3382,0.369107,0.742633,27.3382,0.28296,2.79307,0.772017,0.312223,5.67324,13.1696,2.85141,1.6209,0.264765
FGOALS-g3,piControl,500,14.0245,27.4243,0.612936,1.03096,27.4243,0.386107,2.88636,0.852536,0.299403,4.09001,14.0245,2.87556,1.92065,0.286829
FGOALS-s2,piControl,501,13.6471,25.9305,0.719298,1.07116,25.9305,0.426697,3.83962,1.07707,0.379474,5.12752,13.6471,2.66364,2.13157,0.298369
GISS-E2-1-G,piControl,851,13.7963,28.3939,0.469716,1.17486,28.3939,0.36941,2.46783,-0.24382,0.344674,6.19929,13.7963,2.97224,2.1335,0.401489
GISS-E2-R,piControl,500,14.2854,27.8356,0.296346,0.52376,27.8356,0.200114,1.76675,0.659337,0.259186,5.14649,14.2854,3.17567,1.79074,0.269694
GISTEMP,observations,124,0.132167,1e+20,1e+20,1e+20,1e+20,1e+20,1e+20,1e+20,1e+20,1e+20,0.132167,1e+20,1e+20,1e+20
GPCC,observations,124,-100000,-100000,-100000,-100000,-100000,-100000,-100000,-100000,-100000,-100000,-100000,2.46575,-100000,-100000
GPCP,observations,45,-9.96921e+36,-9.96921e+36,-9.96921e+36,-9.96921e+36,-9.96921e+36,-9.96921e+36,-9.96921e+36,-9.96921e+36,-9.96921e+36,-9.96921e+36,-9.96921e+36,2.6877,-9.96921e+36,-9.96921e+36
HadCRUT5-0-2,observations,45,0.46791,-1e+30,-1e+30,-1e+30,-1e+30,-1e+30,-1e+30,-1e+30,-1e+30,-1e+30,0.46791,-1e+30,-1e+30,-1e+30
HadGEM2-CC,piControl,240,13.2435,26.0593,0.567566,0.700481,26.0593,0.551117,3.72634,0.569886,0.677699,5.33957,13.2435,3.05299,1.83601,0.340327
HadGEM2-ES,piControl,336,13.7438,26.3599,0.589469,0.723449,26.3599,0.525991,3.80149,0.649318,0.602395,5.63601,13.7438,3.09447,1.90174,0.338045
HadGEM3-GC31-LL,piControl,100,13.7975,27.3724,0.481349,0.932435,27.3724,0.544193,3.72766,0.236338,0.544632,6.93825,13.7909,3.14378,2.02932,0.370675
HadISSTv1,observations,45,1e+20,26.6579,0.317071,0.866713,26.6579,0.401189,4.38928,2.14276,0.485774,7.24921,1e+20,1e+20,1e+20,0.286403
INM-CM4-8,piControl,531,13.2592,26.9893,0.239053,0.451593,26.9893,0.288224,2.36296,0.232867,0.284942,5.36277,13.2592,3.00131,1.49267,0.269874
IPSL-CM5A-LR,piControl,1000,12.0334,26.6652,0.485329,0.683311,26.6652,0.34365,4.13772,0.917335,0.411686,8.13921,12.0334,2.6578,2.26866,0.352677
IPSL-CM6A-LR,piControl,1200,12.7134,26.2005,0.406025,0.974624,26.2005,0.418954,5.84787,-0.206399,0.423937,8.22774,12.7134,1e+20,2.25689,0.33619
LOVECLIM,piControl,100,15.5308,1e+20,1e+20,1e+20,1e+20,1e+20,1e+20,1e+20,1e+20,1e+20,15.5308,2.78124,1e+20,1e+20
MIROC-ES2L,piControl,500,14.9837,27.5918,0.450213,1.18576,27.5918,0.576555,3.41653,0.3999,0.42274,5.29871,14.9837,3.19475,1.56541,0.378984
MIROC-ESM,piControl,630,13.5989,27.1836,0.344043,0.456837,27.1836,0.327453,3.17453,0.590311,0.388295,5.15886,13.5989,2.80773,2.17386,0.240378
MPI-ESM1-2-LR,piControl,1000,13.5333,27.3964,0.484873,0.79557,27.3964,0.44081,3.29925,0.0604406,0.574184,6.89163,13.5333,2.83392,2.0876,0.396363
MPI-ESM-P,piControl,1156,13.644,27.0224,0.534518,0.756839,27.0224,0.43553,3.08556,0.330737,0.421462,5.56733,13.644,2.92763,2.10362,0.344058
MRI-CGCM3,piControl,500,13.5892,26.4595,0.349867,0.600793,26.4595,0.389696,4.09109,-0.689667,0.3612,5.46798,13.5892,2.93443,2.0466,0.253153
MRI-ESM2-0,piControl,701,13.8211,27.2271,0.583303,0.903482,27.2271,0.425186,4.69861,1.29439,0.448381,5.5514,13.8211,3.00822,2.24204,0.262849
NASA,Bootstrap,45,9.96921e+36,9.96921e+36,9.96921e+36,9.96921e+36,9.96921e+36,9.96921e+36,9.96921e+36,9.96921e+36,9.96921e+36,9.96921e+36,9.96921e+36,9.96921e+36,9.96921e+36,9.96921e+36
NASA,Bootstrap,45,9.96921e+36,9.96921e+36,9.96921e+36,9.96921e+36,9.96921e+36,9.96921e+36,9.96921e+36,9.96921e+36,9.96921e+36,9.96921e+36,9.96921e+36,9.96921e+36,9.96921e+36,9.96921e+36
NASA,CDR,45,9.96921e+36,9.96921e+36,9.96921e+36,9.96921e+36,9.96921e+36,9.96921e+36,9.96921e+36,9.96921e+36,9.96921e+36,9.96921e+36,9.96921e+36,9.96921e+36,9.96921e+36,9.96921e+36
NASA,CDR,45,9.96921e+36,9.96921e+36,9.96921e+36,9.96921e+36,9.96921e+36,9.96921e+36,9.96921e+36,9.96921e+36,9.96921e+36,9.96921e+36,9.96921e+36,9.96921e+36,9.96921e+36,9.96921e+36
NASA,Team,45,9.96921e+36,9.96921e+36,9.96921e+36,9.96921e+36,9.96921e+36,9.96921e+36,9.96921e+36,9.96921e+36,9.96921e+36,9.96921e+36,9.96921e+36,9.96921e+36,9.96921e+36,9.96921e+36
NASA,Team,45,9.96921e+36,9.96921e+36,9.96921e+36,9.96921e+36,9.96921e+36,9.96921e+36,9.96921e+36,9.96921e+36,9.96921e+36,9.96921e+36,9.96921e+36,9.96921e+36,9.96921e+36,9.96921e+36
NESM3,piControl,100,13.7292,27.5909,0.498196,0.692639,27.5909,0.491393,4.09587,-0.394217,0.546634,7.91566,13.7292,2.85558,2.01179,0.283663
NorESM1-F,piControl,200,14.5066,27.7282,0.414593,0.59744,27.7282,0.425166,3.70028,-0.185143,0.358502,6.54373,14.5066,2.84264,1.98282,0.336288
NorESM2-LM,piControl,391,14.466,27.1163,0.491139,1.27429,27.1163,0.598909,4.1092,1.47042,0.491899,6.75994,14.466,2.86195,2.20301,0.318179
UofT-CCSM-4,piControl,100,12.6076,27.0012,0.520485,0.767903,27.0012,0.342911,3.58131,-0.195583,0.324314,6.56794,12.6076,2.88231,1.65109,0.361678
