lat, lon, mat_anm_mean, mat_se_mean, mat_tstat,mat_sig, mat_sig_val,mat_npts,p
29,-81,2.539,0.0435,58.3678,1,2.539,1,0.972324487
45,-73,0.5239,0.0979,5.3488,1,0.5239,9,0.937872903
45,-79,0.0033,0.0982,0.0335,0,0,7,0.937683736
43,-89,-0.0183,0.1048,-0.1745,0,0,7,0.933524905
43,-71,-0.408,0.1058,-3.8563,-1,-0.408,1,0.932895267
45,-77,0.0348,0.1069,0.325,0,0,8,0.932202817
47,-85,0.3112,0.1108,2.8096,1,0.3112,5,0.929749076
59,-73,-3.364,0.1115,-30.1704,-1,-3.364,1,0.92930888
45,-91,0.5803,0.1127,5.1478,1,0.5803,3,0.928554418
55,-61,-7.409,0.1153,-64.2585,-1,-7.409,1,0.926920442
47,-71,2.1076,0.1156,18.2325,1,2.1076,10,0.926731968
45,-71,1.0954,0.121,9.05,1,1.0954,8,0.923341676
47,-75,0.9715,0.1213,8.008,1,0.9715,2,0.923153453
47,-95,0.3464,0.1222,2.834,1,0.3464,12,0.922588864
47,-73,1.9152,0.1251,15.3147,1,1.9152,5,0.92077047
45,-93,-0.3771,0.1256,-3.0032,-1,-0.3771,11,0.920457084
57,-77,-0.35,0.1281,-2.7322,-1,-0.35,1,0.918890739
43,-69,-0.95,0.1283,-7.4037,-1,-0.95,2,0.918765474
55,-105,-0.376,0.1296,-2.9012,-1,-0.376,1,0.917951405
41,-85,-0.432,0.1341,-3.2206,-1,-0.432,2,0.915135572
51,-99,1.238,0.1353,9.15,1,1.238,1,0.914385243
41,-83,-0.213,0.1386,-1.5367,0,0,3,0.912323076
45,-75,1.1287,0.14,8.0652,1,1.1287,4,0.911448773
45,-85,-0.65,0.1419,-4.5818,-1,-0.65,3,0.910262759
45,-67,-0.8625,0.1425,-6.0531,-1,-0.8625,2,0.909888357
41,-75,0.8637,0.1427,6.0535,1,0.8637,6,0.909763571
73,-95,0.759,0.1433,5.2978,1,0.759,2,0.909389254
47,-93,0.6536,0.1438,4.5458,1,0.6536,7,0.909077371
47,-81,1.0244,0.1478,6.9326,1,1.0244,5,0.9065839
57,-75,-0.006,0.1536,-0.0391,0,0,3,0.902973508
45,-87,0.247,0.1558,1.5856,0,0,3,0.90160568
43,-85,0.724,0.1616,4.479,1,0.724,2,0.898004005
43,-79,-0.438,0.163,-2.6871,-1,-0.438,4,0.897135612
49,-65,0.2037,0.172,1.1848,0,0,4,0.89156243
45,-81,0.185,0.1764,1.0489,0,0,4,0.888843806
47,-89,1.1765,0.1803,6.5238,1,1.1765,2,0.886437532
49,-99,-1.349,0.1903,-7.0874,-1,-1.349,2,0.880282711
45,-65,8.906,0.1909,46.6527,1,8.906,1,0.879914129
53,-59,2.4467,0.1957,12.4995,1,2.4467,3,0.876968425
43,-81,0.0103,0.1962,0.0527,0,0,3,0.876661885
47,-87,1.1125,0.2015,5.52,1,1.1125,2,0.873416147
47,-69,1.2745,0.2024,6.2984,1,1.2745,4,0.872865641
45,-69,-0.1193,0.2051,-0.5817,0,0,3,0.871215282
49,-89,0.9197,0.2056,4.473,1,0.9197,3,0.870909852
49,-91,1.8317,0.2071,8.8426,1,1.8317,3,0.869993923
47,-63,0.9345,0.209,4.4712,1,0.9345,2,0.86883453
43,-75,0.7005,0.2096,3.3423,1,0.7005,2,0.868468588
49,-81,1.51,0.213,7.0881,1,1.51,2,0.866396593
43,-73,0.5202,0.2195,2.37,1,0.5202,4,0.862443441
47,-97,-0.6875,0.2222,-3.0934,-1,-0.6875,2,0.860804507
47,-99,-1.415,0.223,-6.3443,-1,-1.415,2,0.860319256
45,-63,-1.464,0.2253,-6.498,-1,-1.464,1,0.858925079
49,-79,2.426,0.2291,10.5886,1,2.426,2,0.856624672
45,-97,-0.9085,0.2328,-3.9024,-1,-0.9085,2,0.854388456
53,-99,0.927,0.2332,3.9751,1,0.927,1,0.854146921
51,-95,0.023,0.2411,0.0954,0,0,1,0.849385431
41,-81,-0.5905,0.2512,-2.3509,-1,-0.5905,2,0.843322937
41,-73,0.346,0.2586,1.3381,0,0,2,0.838899382
49,-71,1.793,0.2619,6.8461,1,1.793,1,0.836931802
47,-111,-0.331,0.2646,-1.2509,0,0,1,0.835324328
41,-87,-0.0643,0.2658,-0.2421,0,0,3,0.834610583
-3,29,-2.0548,0.272,-7.5543,-1,-2.0548,26,0.830929703
59,27,1.5177,0.2742,5.5353,1,1.5177,27,0.829626349
45,-111,-0.0873,0.2799,-0.312,0,0,6,0.826256297
59,25,1.1267,0.2905,3.8784,1,1.1267,24,0.820015767
47,-79,0.1577,0.297,0.5312,0,0,4,0.81620645
49,-93,1.0725,0.3018,3.5542,1,1.0725,2,0.813402065
45,7,2.3223,0.3035,7.6524,1,2.3223,26,0.812410624
45,-123,-0.376,0.3052,-1.2318,0,0,2,0.81142012
57,-65,-3.5973,0.3132,-11.4872,-1,-3.5973,3,0.806771598
47,-61,0.063,0.3239,0.1945,0,0,1,0.800587345
27,-81,-1.128,0.3253,-3.4679,-1,-1.128,3,0.799781035
41,-71,-1.0875,0.3255,-3.3406,-1,-1.0875,4,0.799665902
49,-73,2.13,0.3288,6.4781,1,2.13,1,0.797768167
47,-65,3.533,0.3398,10.3973,1,3.533,1,0.791469324
49,-101,-0.241,0.3432,-0.7022,0,0,1,0.789530883
61,25,1.4124,0.3435,4.1118,1,1.4124,19,0.789360038
49,15,-0.1392,0.3459,-0.4025,0,0,20,0.787994412
51,25,-0.0865,0.3463,-0.2498,0,0,18,0.787767004
57,-63,-1.3045,0.3476,-3.7529,-1,-1.3045,2,0.787028317
51,-121,2.194,0.3483,6.2989,1,2.194,3,0.786630809
47,9,2.4689,0.3507,7.0398,1,2.4689,17,0.785269239
1,35,6.1872,0.3587,17.25,1,6.1872,12,0.780745442
41,-77,-0.483,0.3594,-1.3439,0,0,1,0.780350697
57,27,1.4676,0.3711,3.9552,1,1.4676,14,0.773779
57,39,1.7943,0.3816,4.7019,1,1.7943,12,0.76792384
31,-83,-1.658,0.3825,-4.3348,-1,-1.658,3,0.767423861
45,5,0.1616,0.3828,0.4223,0,0,17,0.767257267
51,-107,-0.19,0.3836,-0.4953,0,0,1,0.766813182
49,-67,1.512,0.3859,3.9181,1,1.512,1,0.765537761
47,13,2.0241,0.3871,5.2284,1,2.0241,16,0.764873105
49,-85,0.467,0.3912,1.1938,0,0,1,0.762606252
49,-59,3.9735,0.3954,10.0482,1,3.9735,2,0.760290641
61,-69,-1.6495,0.3957,-4.1683,-1,-1.6495,2,0.760125494
47,7,2.34,0.3999,5.8516,1,2.34,14,0.757817
45,3,1.6438,0.401,4.0991,1,1.6438,14,0.757213496
43,41,2.409,0.4073,5.914,1,2.409,10,0.753765915
43,-111,-0.1563,0.4134,-0.3781,0,0,3,0.750442208
67,-155,1.9021,0.4137,4.5974,1,1.9021,12,0.750279115
-1,37,4.426,0.4138,10.6963,1,4.426,4,0.750224758
49,-123,-0.903,0.4192,-2.1543,-1,-0.903,2,0.74729521
49,99,5.5333,0.4218,13.118,1,5.5333,9,0.745888698
49,-55,0.6205,0.4249,1.4605,0,0,2,0.744215124
57,15,1.2683,0.4273,2.9679,1,1.2683,13,0.742922015
41,113,-0.7846,0.4299,-1.825,0,0,13,0.741523676
53,17,0.5084,0.4336,1.1726,0,0,12,0.739538278
43,-77,0.393,0.4339,0.9057,0,0,1,0.739377534
37,-107,-0.2215,0.4373,-0.5065,0,0,2,0.737558235
61,31,0.6862,0.4389,1.5634,0,0,10,0.736703663
55,-77,-1.4453,0.4407,-3.2796,-1,-1.4453,3,0.735743471
43,-95,-1.955,0.4464,-4.3795,-1,-1.955,1,0.732711284
57,-5,0.2913,0.4471,0.6517,0,0,12,0.732339794
65,33,0.4563,0.4494,1.0154,0,0,9,0.731120549
63,15,1.3186,0.451,2.9235,1,1.3186,10,0.730273614
67,-67,0.228,0.4528,0.5035,0,0,1,0.729322026
49,21,1.5727,0.4543,3.4617,1,1.5727,11,0.728530019
43,-123,0.311,0.4547,0.684,0,0,1,0.728318968
37,-105,-0.073,0.4547,-0.1605,0,0,1,0.728318968
51,9,0.8,0.4592,1.7422,0,0,1,0.72594903
37,-119,-0.5432,0.4645,-1.1695,0,0,4,0.723168129
63,27,0.5553,0.4722,1.1759,0,0,10,0.719147987
51,-57,2.96,0.4747,6.2355,1,2.96,1,0.717847867
61,15,5.2821,0.4847,10.8977,1,5.2821,1,0.712672576
61,17,6.4535,0.4847,13.3144,1,6.4535,1,0.712672576
53,-7,0.5511,0.4872,1.1312,0,0,9,0.711385069
61,33,0.0504,0.4874,0.1035,0,0,9,0.711282178
63,33,0.8122,0.4913,1.6532,0,0,9,0.709279039
43,-83,0.821,0.4914,1.6707,0,0,1,0.709227758
57,-121,-0.406,0.4933,-0.8231,0,0,2,0.708254183
49,19,-0.3988,0.4938,-0.8076,0,0,10,0.707998223
55,-5,1.092,0.4952,2.2052,1,1.092,9,0.707282075
59,11,3.3255,0.4952,6.7155,1,3.3255,7,0.707282075
63,-145,-0.9168,0.4975,-1.8427,0,0,8,0.706107277
67,-153,-0.1963,0.4979,-0.3943,0,0,8,0.705903184
59,23,-0.4426,0.4988,-0.8872,0,0,9,0.705444213
55,13,1.6664,0.5036,3.3088,1,1.6664,9,0.703001941
51,5,0.5512,0.5049,1.0918,0,0,9,0.70234211
57,-3,0.5522,0.5079,1.0872,0,0,9,0.700822055
65,-127,0.1206,0.5096,0.2367,0,0,9,0.699962323
43,-1,-1.7371,0.5101,-3.4051,-1,-1.7371,9,0.699709685
63,35,0.29,0.5104,0.5682,0,0,8,0.699558152
43,-3,0.7589,0.5106,1.4862,0,0,10,0.69945715
31,121,-1.2429,0.5114,-2.4305,-1,-1.2429,7,0.699053306
61,29,0.7097,0.5117,1.3871,0,0,8,0.698901932
43,-7,1.1196,0.5118,2.1876,1,1.1196,9,0.698851483
57,41,2.148,0.5138,4.1804,1,2.148,6,0.697843346
55,-3,2.1677,0.5144,4.214,1,2.1677,8,0.697541225
51,-117,1.7277,0.5148,3.3564,1,1.7277,4,0.697339892
49,89,0.575,0.517,1.1122,0,0,8,0.696233736
47,-1,-0.4017,0.5196,-0.7731,0,0,6,0.694929017
57,35,1.5703,0.5199,3.0206,1,1.5703,6,0.694778651
53,21,0.9089,0.5214,1.7433,0,0,9,0.694027375
57,57,0.1335,0.5297,0.252,0,0,6,0.689887013
51,21,-0.4934,0.5329,-0.926,0,0,9,0.688298294
65,31,0.7005,0.5361,1.3066,0,0,8,0.686713788
55,-7,0.7421,0.5364,1.3835,0,0,8,0.686565457
59,13,3.1745,0.541,5.868,1,3.1745,7,0.684295688
59,15,2.6727,0.5419,4.9317,1,2.6727,7,0.683852623
53,-3,1.4627,0.5422,2.6976,1,1.4627,7,0.683705009
51,23,0.6931,0.5442,1.2736,0,0,7,0.682721863
57,61,2.194,0.5451,4.0249,1,2.194,4,0.682279985
57,-119,0.625,0.5465,1.1436,0,0,1,0.681593284
7,39,5.3742,0.551,9.7538,1,5.3742,8,0.679391508
61,87,-0.1833,0.5516,-0.3324,0,0,6,0.67909857
67,25,-0.3055,0.5532,-0.5522,0,0,8,0.678318127
67,-143,-0.1843,0.5543,-0.3325,0,0,6,0.677782186
63,-123,-3.946,0.5549,-7.1112,-1,-3.946,1,0.677490065
61,77,-1.3333,0.5558,-2.3988,-1,-1.3333,6,0.677052162
39,21,-0.8213,0.5562,-1.4766,0,0,8,0.676857646
43,13,-0.8434,0.5579,-1.5117,0,0,9,0.67603169
53,-61,-1.234,0.559,-2.2075,-1,-1.234,1,0.675497885
61,35,-0.4981,0.5612,-0.8876,0,0,7,0.674431773
41,47,2.3,0.5612,4.0984,1,2.3,1,0.674431773
37,99,0.7,0.5612,1.2473,0,0,1,0.674431773
43,-93,0.4988,0.5627,0.8864,0,0,5,0.673706026
43,29,-0.4661,0.5627,-0.8284,0,0,8,0.673706026
69,-133,0.6052,0.5681,1.0652,0,0,8,0.671101035
41,21,-2.037,0.5686,-3.5825,-1,-2.037,8,0.670860442
45,-121,4.593,0.5688,8.0749,1,4.593,1,0.670764234
63,-7,0.7812,0.5711,1.3678,0,0,6,0.669659027
59,69,-1.0202,0.5716,-1.7848,0,0,6,0.669419054
55,-71,-3.142,0.5741,-5.4729,-1,-3.142,1,0.66822074
55,59,0.8882,0.5744,1.5463,0,0,5,0.668077116
53,-57,-2.362,0.5761,-4.0999,-1,-2.362,2,0.667263949
61,27,1.098,0.5814,1.8886,0,0,5,0.664736453
55,-119,-0.751,0.5824,-1.2895,0,0,1,0.66426087
19,13,2.1333,0.5824,3.6629,1,2.1333,3,0.66426087
59,31,1.67,0.5834,2.8624,1,1.67,5,0.6637857
51,-67,4.2095,0.5836,7.2131,1,4.2095,2,0.663690715
23,-3,-1.4,0.5867,-2.3862,-1,-1.4,1,0.662220572
53,-9,-0.9077,0.5902,-1.5378,0,0,6,0.660565507
59,-63,0.097,0.5908,0.1642,0,0,1,0.660282291
53,9,-0.2497,0.5915,-0.4222,0,0,7,0.659952059
61,9,4.6705,0.5923,7.8856,1,4.6705,4,0.659574899
47,-123,-3.726,0.5934,-6.2791,-1,-3.726,1,0.659056737
-5,29,-1.9454,0.5946,-3.2717,-1,-1.9454,9,0.658492039
67,29,1.5219,0.5962,2.5525,1,1.5219,7,0.657740034
49,25,0.2743,0.6007,0.4567,0,0,6,0.65563069
57,37,2.2448,0.601,3.7349,1,2.2448,5,0.655490364
49,23,-0.1603,0.6042,-0.2654,0,0,6,0.653995872
55,31,0.1968,0.6048,0.3255,0,0,6,0.653716125
67,-157,0.0782,0.6075,0.1288,0,0,6,0.652459103
51,1,0.5327,0.6086,0.8752,0,0,7,0.651947846
37,-109,0.55,0.6089,0.9033,0,0,1,0.651808499
61,69,2.6,0.6122,4.247,1,2.6,1,0.650278131
43,3,1.1547,0.6132,1.883,0,0,6,0.64981527
39,119,3.2333,0.6149,5.2583,1,3.2333,3,0.649029352
59,-5,-0.3097,0.6171,-0.5018,0,0,6,0.648014051
39,-111,0.095,0.6187,0.1535,0,0,1,0.647276903
43,23,1.8638,0.6192,3.0102,1,1.8638,6,0.64704676
55,-113,-1.285,0.6199,-2.0731,-1,-1.285,2,0.646724734
49,91,4.8,0.6199,7.7436,1,4.8,4,0.646724734
51,-115,-1.28,0.6225,-2.0562,-1,-1.28,1,0.645530402
69,27,0.0603,0.6233,0.0968,0,0,6,0.645163475
63,23,1.0048,0.6266,1.6036,0,0,6,0.643652687
49,3,0.859,0.6282,1.3674,0,0,6,0.642921797
55,49,0.1293,0.6298,0.2054,0,0,3,0.642191959
41,-89,-0.153,0.6312,-0.2424,0,0,1,0.641554214
-19,47,4.6333,0.6326,7.3246,1,4.6333,3,0.640917275
59,85,-2.1,0.6332,-3.3167,-1,-2.1,6,0.640644547
65,65,2.8177,0.6368,4.4249,1,2.8177,3,0.639011287
65,-37,-4,0.6378,-6.2716,-1,-4,1,0.638558548
53,11,1.4447,0.638,2.2644,1,1.4447,6,0.638468049
55,17,0.7087,0.6387,1.1095,0,0,6,0.638151433
47,25,-0.4808,0.6429,-0.7479,0,0,5,0.636255959
61,79,-1.9833,0.643,-3.0845,-1,-1.9833,6,0.636210916
51,11,1.3897,0.6437,2.1588,1,1.3897,6,0.635895736
55,81,-0.7833,0.6469,-1.2109,0,0,6,0.634457465
39,23,-4.1292,0.6472,-6.3801,-1,-4.1292,6,0.634322842
53,19,-0.1878,0.652,-0.288,0,0,5,0.632173884
69,21,1.4698,0.656,2.2406,1,1.4698,6,0.630390281
43,27,0.2525,0.656,0.3849,0,0,6,0.630390281
37,29,-1.8617,0.656,-2.8378,-1,-1.8617,6,0.630390281
-3,31,-2.5292,0.6577,-3.8453,-1,-2.5292,6,0.629634228
43,-91,-2.85,0.6592,-4.3234,-1,-2.85,1,0.628968101
39,-79,-0.969,0.6603,-1.4675,0,0,1,0.628480192
51,29,-0.878,0.662,-1.3263,0,0,5,0.62772712
61,5,2.904,0.665,4.3668,1,2.904,4,0.626401043
71,29,0.2828,0.6706,0.4217,0,0,6,0.623935497
41,-107,-1.027,0.6716,-1.5292,0,0,1,0.623496563
49,1,0.338,0.6767,0.4995,0,0,5,0.621264311
51,-3,1.5165,0.68,2.2302,1,1.5165,4,0.619825532
53,-117,-1.93,0.6822,-2.8291,-1,-1.93,1,0.618868796
49,17,-1.8744,0.6825,-2.7462,-1,-1.8744,5,0.618738483
51,35,1.725,0.6829,2.5261,1,1.725,4,0.61856479
69,71,1.675,0.6832,2.4517,1,1.675,4,0.618434563
53,-131,0,0.6837,0,0,0,1,0.618217598
63,13,1.662,0.6838,2.4306,1,1.662,5,0.618174217
63,37,0.706,0.6846,1.0312,0,0,5,0.617827316
61,73,-1.7214,0.6871,-2.5052,-1,-1.7214,5,0.616744917
1,33,-0.3,0.6888,-0.4355,0,0,1,0.616010326
71,83,-1.5,0.6892,-2.1764,-1,-1.5,2,0.615837651
1,37,1.3312,0.6905,1.9277,0,0,6,0.615276902
45,11,1.0964,0.6915,1.5855,0,0,5,0.61484602
65,29,-0.0902,0.6915,-0.1304,0,0,5,0.61484602
53,27,-1.145,0.693,-1.6523,0,0,4,0.614200453
37,-3,-5.099,0.6954,-7.3329,-1,-5.099,5,0.613169429
57,9,0.5546,0.6954,0.7976,0,0,5,0.613169429
57,-113,-0.438,0.6955,-0.6298,0,0,1,0.61312652
65,-21,-0.0903,0.6959,-0.1297,0,0,4,0.612954924
55,29,-0.09,0.6986,-0.1288,0,0,5,0.611798335
45,9,-0.5488,0.7014,-0.7825,0,0,5,0.610602003
43,17,-1.0616,0.7018,-1.5127,0,0,5,0.610431355
53,7,0.6308,0.7034,0.8968,0,0,5,0.609749405
41,25,-0.6988,0.7034,-0.9935,0,0,5,0.609749405
47,61,-0.3073,0.7045,-0.4362,0,0,3,0.60928116
63,65,-1.5384,0.7049,-2.1824,-1,-1.5384,5,0.60911101
65,11,1.8347,0.7052,2.6017,1,1.8347,4,0.608983439
67,31,0.644,0.7054,0.913,0,0,5,0.608898411
43,5,-2.7092,0.712,-3.8053,-1,-2.7092,5,0.606101488
57,29,0.811,0.7124,1.1385,0,0,3,0.605932537
35,109,-2.45,0.7126,-3.438,-1,-2.45,6,0.605848085
23,19,5.1,0.7143,7.1399,1,5.1,1,0.605130891
45,27,1.1453,0.7143,1.6032,0,0,4,0.605130891
51,19,-0.2975,0.7146,-0.4163,0,0,4,0.605004447
55,11,1.9612,0.7157,2.7404,1,1.9612,4,0.604541126
43,25,1.63,0.7172,2.2729,1,1.63,3,0.603910102
63,19,1.2887,0.7218,1.7854,0,0,4,0.601980544
1,29,4.95,0.7236,6.8412,1,4.95,2,0.601227789
51,27,-0.33,0.7254,-0.4549,0,0,4,0.600476319
53,5,0.8,0.7263,1.1015,0,0,4,0.600101067
53,29,0.7,0.728,0.9615,0,0,3,0.599393131
67,69,-0.9683,0.7282,-1.3298,0,0,3,0.59930992
55,-63,2.2627,0.7296,3.1013,1,2.2627,3,0.598727885
59,-3,1.4955,0.7305,2.0472,1,1.4955,4,0.598354129
37,-113,-3.511,0.7329,-4.7906,-1,-3.511,1,0.597359012
41,-69,0.275,0.7336,0.3749,0,0,1,0.597069198
61,23,3.6273,0.7365,4.9248,1,3.6273,4,0.595870601
39,-105,1.18,0.7367,1.6017,0,0,1,0.595788061
49,5,1.273,0.7387,1.7233,0,0,4,0.594963532
57,85,-3.475,0.7389,-4.7032,-1,-3.475,4,0.594881165
23,121,-0.1667,0.7397,-0.2253,0,0,3,0.594551858
31,-87,1.375,0.7401,1.8579,0,0,1,0.594387298
53,-1,1.4473,0.7412,1.9527,0,0,4,0.593935084
55,9,2.128,0.747,2.8486,1,2.128,4,0.591558542
55,-67,-1.143,0.7491,-1.5259,0,0,3,0.590701322
53,-63,-5.673,0.7506,-7.558,-1,-5.673,1,0.590090079
69,23,0.4938,0.7507,0.6578,0,0,5,0.590049361
45,-107,0.195,0.7529,0.259,0,0,1,0.589154548
55,27,-2.5275,0.7551,-3.3471,-1,-2.5275,4,0.588261625
61,129,0.425,0.7551,0.5628,0,0,4,0.588261625
33,101,-1.6,0.7576,-2.1119,-1,-1.6,2,0.587249231
51,-127,-3.354,0.7582,-4.4236,-1,-3.354,1,0.587006619
65,27,0.9284,0.7587,1.2237,0,0,5,0.586804549
41,-105,0.077,0.7608,0.1012,0,0,1,0.585956917
45,83,2.9,0.7653,3.7894,1,2.9,1,0.584146332
57,13,2.0885,0.7662,2.7258,1,2.0885,4,0.583785157
55,19,0.4805,0.7681,0.6256,0,0,4,0.583023707
67,-151,-1.0005,0.7688,-1.3014,0,0,3,0.582743525
65,-151,-0.1817,0.7689,-0.2364,0,0,3,0.582703515
65,-145,1.6877,0.7696,2.1929,1,1.6877,3,0.582423549
63,43,-0.055,0.7701,-0.0714,0,0,3,0.58222369
55,83,-1.65,0.7701,-2.1426,-1,-1.65,2,0.58222369
69,-157,0.4512,0.7714,0.5849,0,0,3,0.581704507
43,-5,2.4695,0.7725,3.1968,1,2.4695,4,0.581265709
63,11,2.7508,0.7764,3.5431,1,2.7508,4,0.579713727
67,-133,0.7845,0.7781,1.0083,0,0,3,0.579039055
61,-1,-0.0067,0.7803,-0.0085,0,0,3,0.578167598
43,1,1.4335,0.7821,1.8328,0,0,4,0.57745597
55,15,-1.3567,0.7821,-1.7347,0,0,4,0.57745597
67,-147,2.9046,0.7833,3.7083,1,2.9046,3,0.576982242
47,101,5.45,0.788,6.9167,1,5.45,2,0.575132112
65,-139,1.1138,0.789,1.4118,0,0,3,0.574739556
59,5,1.6567,0.7891,2.0994,1,1.6567,3,0.574700322
71,67,1.7,0.7908,2.1497,1,1.7,1,0.574033918
49,103,1.55,0.7932,1.9541,0,0,4,0.573094988
55,25,0.3715,0.7941,0.4678,0,0,4,0.572743454
63,17,0.6895,0.7943,0.868,0,0,4,0.572665377
63,-151,0.6101,0.7968,0.7658,0,0,3,0.5716907
47,19,-2.2463,0.7972,-2.8178,-1,-2.2463,4,0.571534972
69,-139,-0.2188,0.8006,-0.2733,0,0,3,0.570213733
69,-145,4.1047,0.8024,5.1157,1,4.1047,3,0.569516026
-39,175,-0.35,0.8034,-0.4356,0,0,4,0.569128941
61,91,-2.9,0.8053,-3.6009,-1,-2.9,4,0.568394519
61,39,0.1167,0.8085,0.1443,0,0,3,0.567160675
53,1,0.795,0.8108,0.9805,0,0,3,0.566276231
47,-53,0.372,0.8112,0.4586,0,0,3,0.566122618
59,-7,-0.4933,0.8139,-0.6062,0,0,3,0.5650873
69,-147,0.4753,0.8155,0.5828,0,0,3,0.564475069
63,-129,3.3567,0.8161,4.113,1,3.3567,3,0.564245729
-33,19,7.5,0.8163,9.1878,1,7.5,1,0.564169312
39,109,-3.8,0.8163,-4.6552,-1,-3.8,1,0.564169312
31,117,3.6,0.8163,4.4101,1,3.6,1,0.564169312
43,9,-0.4148,0.8165,-0.5079,0,0,4,0.564092911
25,11,5.35,0.8167,6.5506,1,5.35,2,0.564016524
53,109,-2.2,0.826,-2.6636,-1,-2.2,4,0.560481039
49,31,1.0308,0.8267,1.2468,0,0,4,0.560216231
69,13,-0.658,0.8304,-0.7924,0,0,3,0.558819551
51,107,1.675,0.8304,2.0171,1,1.675,4,0.558819551
41,115,0.2333,0.8304,0.281,0,0,3,0.558819551
69,29,0.3765,0.8337,0.4516,0,0,4,0.557578141
71,31,0.063,0.8337,0.0756,0,0,4,0.557578141
55,-69,-0.839,0.8379,-1.0014,0,0,2,0.556003983
41,75,4.35,0.8389,5.1856,1,4.35,2,0.555630142
69,19,0.3385,0.8394,0.4032,0,0,4,0.555443359
-1,29,-0.75,0.8412,-0.8916,0,0,3,0.554771703
47,-113,0.21,0.8417,0.2495,0,0,1,0.554585343
23,117,-2.8667,0.843,-3.4005,-1,-2.8667,3,0.554101237
67,-149,0.6321,0.8436,0.7492,0,0,3,0.553878012
59,-45,-1.965,0.8469,-2.3202,-1,-1.965,2,0.552652634
45,1,-1.1347,0.8487,-1.337,0,0,3,0.551985925
51,-5,1.0567,0.8565,1.2337,0,0,3,0.549110503
49,7,3.276,0.8565,3.825,1,3.276,3,0.549110503
63,7,1.599,0.8598,1.8598,0,0,2,0.547900632
-35,19,6.9,0.8673,7.9557,1,6.9,1,0.545165565
-19,49,0.8,0.8673,0.9224,0,0,1,0.545165565
51,-91,-2.13,0.872,-2.4427,-1,-2.13,1,0.543461909
69,17,-1.4407,0.8771,-1.6424,0,0,3,0.541622214
37,-85,-0.939,0.8784,-1.069,0,0,1,0.541154757
57,33,-0.22,0.8814,-0.2496,0,0,3,0.540078309
31,-85,-1.14,0.892,-1.278,0,0,1,0.536300425
37,101,0,0.8929,0,0,0,1,0.535981489
45,23,2.269,0.8947,2.5359,1,2.269,3,0.535344472
35,47,-2.951,0.8947,-3.2981,-1,-2.951,3,0.535344472
13,11,-0.1,0.8977,-0.1114,0,0,3,0.534285307
39,-1,-3.4833,0.8993,-3.8734,-1,-3.4833,3,0.533721709
59,-123,-5.89,0.9022,-6.5285,-1,-5.89,1,0.532702471
47,11,0.5383,0.9039,0.5956,0,0,3,0.532106352
33,-79,0.617,0.9045,0.6821,0,0,1,0.531896197
39,117,-0.6667,0.9067,-0.7353,0,0,3,0.531126704
49,75,-0.5,0.9071,-0.5512,0,0,2,0.530986977
45,123,-1.6333,0.9111,-1.7927,0,0,3,0.529592762
69,87,1.65,0.9127,1.8078,0,0,4,0.52903663
53,39,-1.7,0.913,-1.862,0,0,2,0.528932453
65,141,-2.3,0.9167,-2.5091,-1,-2.3,2,0.527650168
41,15,-0.9167,0.9181,-0.9985,0,0,3,0.52716621
67,21,0.582,0.9181,0.6339,0,0,3,0.52716621
67,53,-0.2927,0.9209,-0.3178,0,0,3,0.526200318
37,121,2.15,0.9209,2.3346,1,2.15,2,0.526200318
63,-153,-4.321,0.9211,-4.6911,-1,-4.321,1,0.526131428
63,31,1.277,0.9254,1.3799,0,0,2,0.524653626
29,-109,-2.3,0.9277,-2.4791,-1,-2.3,3,0.52386577
37,-7,-1.7133,0.9277,-1.8468,0,0,3,0.52386577
39,1,-4.3467,0.9277,-4.6852,-1,-4.3467,3,0.52386577
39,3,-0.47,0.9277,-0.5066,0,0,3,0.52386577
39,5,-2.1267,0.9277,-2.2923,-1,-2.1267,3,0.52386577
53,15,0.0933,0.9277,0.1006,0,0,3,0.52386577
51,17,2.1367,0.9277,2.3031,1,2.1367,3,0.52386577
41,23,5.93,0.9277,6.3918,1,5.93,3,0.52386577
71,27,0.0407,0.9277,0.0438,0,0,3,0.52386577
37,31,-1.7603,0.9277,-1.8974,0,0,3,0.52386577
35,37,-3.6903,0.9277,-3.9777,-1,-3.6903,3,0.52386577
23,113,-0.1667,0.9285,-0.1795,0,0,3,0.523592157
47,23,-2.3725,0.9318,-2.5461,-1,-2.3725,2,0.522465806
53,35,2.0543,0.9334,2.201,1,2.0543,3,0.52192103
-9,31,-1.6907,0.9351,-1.808,0,0,3,0.521343157
49,-119,-1.589,0.9377,-1.6946,0,0,1,0.520461245
49,-3,0.0623,0.9428,0.0661,0,0,3,0.518737973
55,-1,1.8435,0.945,1.9508,0,0,2,0.517997306
61,13,3.2575,0.945,3.4472,1,3.2575,2,0.517997306
57,-101,-3.547,0.9476,-3.7431,-1,-3.547,1,0.517124066
67,-161,-0.8308,0.9481,-0.8763,0,0,3,0.516956395
37,-91,-0.178,0.9494,-0.1875,0,0,1,0.516520842
45,21,-0.328,0.9518,-0.3446,0,0,2,0.515718228
59,17,1.2133,0.9582,1.2663,0,0,3,0.513587308
31,119,-0.5333,0.9584,-0.5565,0,0,3,0.513520936
55,77,2.55,0.9588,2.6597,1,2.55,2,0.513388231
49,-1,-0.2375,0.9657,-0.2459,0,0,2,0.511107413
-11,27,2.8,0.9694,2.8884,1,2.8,1,0.509890828
47,47,-1.7,0.9694,-1.7537,0,0,1,0.509890828
59,77,0.3,0.9702,0.3092,0,0,2,0.509628374
49,9,1.8105,0.9728,1.8611,0,0,2,0.508776845
49,-75,-0.306,0.9755,-0.3137,0,0,1,0.507894905
55,-85,-0.957,0.9778,-0.9787,0,0,1,0.507145498
65,-19,-2.824,0.98,-2.8815,-1,-2.824,2,0.506430284
47,5,4.1,0.9814,4.1777,1,4.1,2,0.505975966
37,-77,-3.788,0.9816,-3.859,-1,-3.788,1,0.505911116
53,-5,2.017,0.9874,2.0427,1,2.017,2,0.504036078
59,9,2.1235,0.9874,2.1505,1,2.1235,2,0.504036078
31,113,1.85,0.9936,1.862,0,0,2,0.502043716
71,-25,0.3915,0.9949,0.3935,0,0,2,0.501627527
47,133,-3.4,0.9949,-3.4174,-1,-3.4,1,0.501627527
53,71,2.2,0.998,2.2044,1,2.2,2,0.500637257
37,-111,-2.098,1.008,-2.0813,-1,-2.098,1,0.49746368
71,-23,-0.3375,1.0101,-0.3341,0,0,2,0.496801251
53,25,-0.965,1.0101,-0.9553,0,0,2,0.496801251
51,99,4,1.0116,3.9542,1,4,2,0.496328938
45,15,0.6715,1.0179,0.6597,0,0,2,0.494352944
47,17,-2.187,1.0179,-2.1485,-1,-2.187,2,0.494352944
47,15,0.2,1.0204,0.196,0,0,1,0.493572262
33,79,-0.4,1.0204,-0.392,0,0,1,0.493572262
1,31,-4.7625,1.0206,-4.6663,-1,-4.7625,2,0.493509892
31,85,1.05,1.024,1.0254,0,0,2,0.492451503
55,111,-2.05,1.0284,-1.9935,0,0,2,0.491087152
51,95,4.65,1.0409,4.4671,1,4.65,2,0.487243734
45,13,-0.8855,1.0418,-0.8499,0,0,2,0.486968856
41,45,-6.7,1.0459,-6.406,-1,-6.7,1,0.485719758
37,89,-5.6,1.0459,-5.3542,-1,-5.6,1,0.485719758
35,105,-1.75,1.0485,-1.6691,0,0,2,0.484930294
43,87,-0.2,1.0487,-0.1907,0,0,2,0.484869651
49,11,1.5105,1.05,1.4386,0,0,2,0.484475766
65,15,1.8975,1.05,1.8071,0,0,2,0.484475766
57,31,0.205,1.0583,0.1937,0,0,2,0.481972982
71,157,2.3,1.0614,2.1669,1,2.3,2,0.481043514
43,117,-0.5,1.0663,-0.4689,0,0,2,0.479580209
57,21,-0.368,1.0666,-0.345,0,0,2,0.479490851
65,43,4.3,1.0714,4.0134,1,4.3,1,0.478064757
35,93,0.8,1.0714,0.7467,0,0,1,0.478064757
-9,33,-2.5312,1.078,-2.348,-1,-2.5312,4,0.476114995
45,-5,-2.4855,1.0836,-2.2938,-1,-2.4855,2,0.474470685
51,7,2.23,1.0836,2.058,1,2.23,2,0.474470685
61,89,0,1.0861,0,0,0,2,0.473739576
49,13,-0.272,1.0922,-0.249,0,0,2,0.471963297
61,37,-0.795,1.0922,-0.7279,0,0,2,0.471963297
23,101,-7,1.0969,-6.3816,-1,-7,1,0.470602031
19,27,0.65,1.0981,0.5919,0,0,2,0.470255494
47,-3,-0.9915,1.1008,-0.9007,0,0,2,0.469477297
37,109,-3.95,1.1076,-3.5663,-1,-3.95,2,0.467526634
59,-115,-2.539,1.1161,-2.2749,-1,-2.539,1,0.465106788
55,23,1.688,1.1184,1.5093,0,0,2,0.464455513
33,103,-0.35,1.119,-0.3128,0,0,2,0.46428586
53,-77,-0.049,1.1195,-0.0438,0,0,1,0.46414456
25,109,-6.9,1.1224,-6.1475,-1,-6.9,1,0.463326402
69,85,0.6,1.1321,0.53,0,0,2,0.460606862
65,-167,-2.5498,1.1362,-2.244,-1,-2.5498,2,0.459465215
63,-163,-1.2063,1.1362,-1.0617,0,0,2,0.459465215
69,-161,0.0279,1.1362,0.0245,0,0,2,0.459465215
61,-149,-0.0587,1.1362,-0.0517,0,0,2,0.459465215
65,-147,-0.5162,1.1362,-0.4543,0,0,2,0.459465215
65,-135,0.03,1.1362,0.0264,0,0,2,0.459465215
61,-131,-2.6878,1.1362,-2.3655,-1,-2.6878,2,0.459465215
61,-129,-5.5501,1.1362,-4.8846,-1,-5.5501,2,0.459465215
65,-129,0.3203,1.1362,0.2819,0,0,2,0.459465215
53,-11,-1.896,1.1362,-1.6686,0,0,2,0.459465215
41,-7,1.43,1.1362,1.2585,0,0,2,0.459465215
33,-5,1.02,1.1362,0.8977,0,0,2,0.459465215
41,-1,-2.945,1.1362,-2.5919,-1,-2.945,2,0.459465215
45,-1,-2.79,1.1362,-2.4554,-1,-2.79,2,0.459465215
59,7,1.888,1.1362,1.6616,0,0,2,0.459465215
63,9,-0.0765,1.1362,-0.0673,0,0,2,0.459465215
39,31,-0.27,1.1362,-0.2376,0,0,2,0.459465215
49,49,-0.445,1.1362,-0.3916,0,0,2,0.459465215
55,55,-0.275,1.1362,-0.242,0,0,2,0.459465215
35,135,2.4,1.1362,2.1122,1,2.4,2,0.459465215
-47,167,-0.75,1.1362,-0.6601,0,0,2,0.459465215
-47,169,1.2,1.1362,1.0561,0,0,2,0.459465215
-45,171,-0.3,1.1362,-0.264,0,0,2,0.459465215
-43,171,-0.5,1.1362,-0.44,0,0,2,0.459465215
-37,175,0.25,1.1362,0.22,0,0,2,0.459465215
65,-111,-0.967,1.1363,-0.851,0,0,2,0.459437428
59,93,-3.3,1.1403,-2.8939,-1,-3.3,2,0.458328202
53,23,1.4645,1.1454,1.2786,0,0,2,0.456920303
67,87,-0.35,1.1534,-0.3034,0,0,2,0.454726115
47,33,-2.9,1.1545,-2.5118,-1,-2.9,2,0.454425771
43,125,-3.2333,1.1565,-2.7958,-1,-3.2333,3,0.453880529
67,79,3.15,1.1613,2.7124,1,3.15,2,0.45257634
33,119,0.1667,1.1657,0.143,0,0,3,0.45138626
41,1,-3.9415,1.173,-3.3603,-1,-3.9415,2,0.449423188
57,17,1.614,1.173,1.376,0,0,2,0.449423188
49,87,-2.15,1.173,-1.8328,0,0,2,0.449423188
71,-27,-0.5,1.1735,-0.4261,0,0,1,0.449289249
31,111,-5.4,1.1735,-4.6016,-1,-5.4,1,0.449289249
65,121,0.55,1.1771,0.4673,0,0,2,0.448326832
57,19,2.415,1.1823,2.0426,1,2.415,2,0.446942696
63,-111,4.363,1.194,3.6541,1,4.363,1,0.443854212
61,-45,2.7,1.199,2.2519,1,2.7,1,0.442545161
39,107,1.8,1.199,1.5013,0,0,1,0.442545161
59,131,-2.1,1.2053,-1.7424,0,0,2,0.440904899
49,29,0.3085,1.2106,0.2548,0,0,2,0.43953284
-25,29,3.1,1.2115,2.5589,1,3.1,3,0.439300557
51,81,-1,1.2127,-0.8246,0,0,2,0.438991167
35,-111,4.221,1.2212,3.4564,1,4.221,1,0.436810047
21,17,-6.1,1.2245,-4.9816,-1,-6.1,1,0.435968147
23,17,4.2,1.2245,3.43,1,4.2,1,0.435968147
57,79,-4.25,1.2383,-3.4321,-1,-4.25,2,0.432476802
69,35,-0.05,1.2451,-0.0402,0,0,2,0.430773681
69,149,0.6,1.2545,0.4783,0,0,2,0.428437908
39,-99,-2.504,1.2548,-1.9955,0,0,1,0.428363715
57,-61,-1.89,1.2575,-1.503,0,0,1,0.427696945
57,125,-2.05,1.263,-1.6231,0,0,2,0.426344123
61,103,-0.2,1.2709,-0.1574,0,0,2,0.424413606
-29,33,4.3,1.2755,3.3712,1,4.3,1,0.423296318
55,63,-4.8,1.2755,-3.7632,-1,-4.8,1,0.423296318
63,121,-0.95,1.29,-0.7364,0,0,2,0.419806898
21,111,-0.6,1.2915,-0.4646,0,0,2,0.419448715
67,71,-1.9,1.2993,-1.4623,0,0,2,0.41759452
63,129,-1.1,1.3084,-0.8407,0,0,2,0.415448886
49,133,-2.9,1.3265,-2.1862,-1,-2.9,1,0.411236765
53,-67,3.639,1.3467,2.7022,1,3.639,1,0.406621668
53,-85,-1.394,1.3603,-1.0248,0,0,1,0.403564387
51,101,-0.7,1.362,-0.514,0,0,2,0.403185012
53,111,1.25,1.3649,0.9158,0,0,2,0.402539262
63,123,-0.95,1.3657,-0.6956,0,0,2,0.402361438
61,-101,5.469,1.4,3.9064,1,5.469,1,0.394863087
15,-17,-0.2,1.4031,-0.1425,0,0,1,0.394197333
-23,17,-1.3,1.4031,-0.9265,0,0,1,0.394197333
-33,23,6.8,1.4031,4.8464,1,6.8,1,0.394197333
59,83,-2.5,1.4112,-1.7716,0,0,2,0.392466959
57,83,-2.65,1.4163,-1.8711,0,0,2,0.391384231
71,99,2.75,1.4186,1.9385,0,0,2,0.390897643
29,-11,1.9,1.4286,1.33,0,0,1,0.388794243
-23,31,4.6,1.4286,3.2199,1,4.6,1,0.388794243
41,91,2.8,1.4286,1.96,0,0,1,0.388794243
37,-89,2.783,1.4306,1.9453,0,0,1,0.388375931
47,87,-4.1,1.4541,-2.8196,-1,-4.1,1,0.38351907
39,97,3.1,1.4541,2.1319,1,3.1,1,0.38351907
59,29,4.1,1.4796,2.771,1,4.1,1,0.378368025
41,111,-1.3,1.5051,-0.8637,0,0,1,0.373337427
71,137,-1,1.5128,-0.661,0,0,2,0.371841519
57,89,-2.45,1.5258,-1.6057,0,0,2,0.369339875
-5,13,-3,1.5306,-1.96,0,0,1,0.368423709
37,5,5.5,1.5561,3.5345,1,5.5,1,0.363623408
-31,25,-0.4,1.5561,-0.2571,0,0,1,0.363623408
49,37,1.4,1.5561,0.8997,0,0,1,0.363623408
37,81,-3.9,1.5561,-2.5063,-1,-3.9,1,0.363623408
27,99,3.4,1.5561,2.1849,1,3.4,1,0.363623408
-15,-61,-2,1.6069,-1.2446,0,0,1,0.354385287
-13,-61,-2.1,1.6069,-1.3069,0,0,1,0.354385287
55,-9,-2.08,1.6069,-1.2944,0,0,1,0.354385287
57,-7,-0.78,1.6069,-0.4854,0,0,1,0.354385287
41,-3,-2.97,1.6069,-1.8483,0,0,1,0.354385287
37,-1,-5.01,1.6069,-3.1178,-1,-5.01,1,0.354385287
51,-1,1.48,1.6069,0.921,0,0,1,0.354385287
41,3,-6.35,1.6069,-3.9517,-1,-6.35,1,0.354385287
43,7,-4.76,1.6069,-2.9622,-1,-4.76,1,0.354385287
79,15,0.194,1.6069,0.1207,0,0,1,0.354385287
65,19,0.23,1.6069,0.1431,0,0,1,0.354385287
75,19,5.473,1.6069,3.4059,1,5.473,1,0.354385287
81,19,3.809,1.6069,2.3704,1,3.809,1,0.354385287
55,21,-2.65,1.6069,-1.6491,0,0,1,0.354385287
63,21,0.95,1.6069,0.5912,0,0,1,0.354385287
37,23,-4.8,1.6069,-2.9871,-1,-4.8,1,0.354385287
35,25,-3.79,1.6069,-2.3586,-1,-3.79,1,0.354385287
41,31,1.23,1.6069,0.7654,0,0,1,0.354385287
37,33,2.48,1.6069,1.5433,0,0,1,0.354385287
41,33,0.02,1.6069,0.0124,0,0,1,0.354385287
67,33,1.26,1.6069,0.7841,0,0,1,0.354385287
69,33,0.56,1.6069,0.3485,0,0,1,0.354385287
65,35,0.11,1.6069,0.0685,0,0,1,0.354385287
41,37,1.07,1.6069,0.6659,0,0,1,0.354385287
67,37,-1.72,1.6069,-1.0704,0,0,1,0.354385287
59,39,-3.03,1.6069,-1.8856,0,0,1,0.354385287
35,41,-2.24,1.6069,-1.394,0,0,1,0.354385287
39,43,-3.89,1.6069,-2.4208,-1,-3.89,1,0.354385287
37,45,2.51,1.6069,1.562,0,0,1,0.354385287
31,109,-0.4,1.6069,-0.2489,0,0,1,0.354385287
21,113,3.9,1.6071,2.4267,1,3.9,1,0.354349746
41,-103,-1.901,1.615,-1.1771,0,0,1,0.35295096
31,89,3.5,1.6327,2.1437,1,3.5,1,0.349852619
65,79,-1.2,1.6611,-0.7224,0,0,2,0.344982126
35,107,-5.2,1.7602,-2.9542,-1,-5.2,1,0.328907271
29,85,-3.3,1.7857,-1.848,0,0,1,0.32498913
13,13,2.1,1.8112,1.1595,0,0,1,0.321155259
43,83,0.1,1.8112,0.0552,0,0,1,0.321155259
49,119,-1.8,1.8112,-0.9938,0,0,1,0.321155259
31,-3,2.4,1.8622,1.2888,0,0,1,0.313730723
27,103,-2.3,1.8622,-1.2351,0,0,1,0.313730723
69,67,-0.7,1.8878,-0.3708,0,0,1,0.310121503
33,81,0.1,1.8878,0.053,0,0,1,0.310121503
35,81,-3.1,1.8878,-1.6421,0,0,1,0.310121503
49,117,-4.8,1.9133,-2.5088,-1,-4.8,1,0.306601578
39,121,0.7,1.9388,0.361,0,0,1,0.303154583
43,127,-0.7,1.9388,-0.361,0,0,1,0.303154583
49,129,-2.7,1.9388,-1.3926,0,0,1,0.303154583
25,111,-4.3,1.9643,-2.1891,-1,-4.3,1,0.299778469
-3,15,0,1.9898,0,0,0,1,0.296471258
37,79,-1,1.9898,-0.5026,0,0,1,0.296471258
25,101,-4.6,1.9898,-2.3118,-1,-4.6,1,0.296471258
33,-117,-10.883,2.0278,-5.3669,-1,-10.883,1,0.291666592
3,11,-0.6,2.0408,-0.294,0,0,1,0.290055946
41,119,3.7,2.0663,1.7906,0,0,1,0.286944201
67,67,0.9,2.0918,0.4303,0,0,1,0.283894069
45,85,-2,2.0918,-0.9561,0,0,1,0.283894069
49,135,-1.9,2.0918,-0.9083,0,0,1,0.283894069
5,9,0.3,2.1939,0.1367,0,0,1,0.272265991
63,-101,4.807,2.2066,2.1785,1,4.807,1,0.270881815
-5,15,-1.3,2.2449,-0.5791,0,0,1,0.266786441
47,123,-2.7,2.2449,-1.2027,0,0,1,0.266786441
49,-57,0.887,2.3165,0.3829,0,0,1,0.259435205
7,-1,-0.3,2.3214,-0.1292,0,0,1,0.258946075
21,29,1.6,2.4235,0.6602,0,0,1,0.249137052
71,-69,7.621,2.5652,2.9709,1,7.621,1,0.236638728
-29,29,2.7,2.6276,1.0276,0,0,1,0.231506612
53,-115,-8.244,2.6321,-3.1321,-1,-8.244,1,0.231144719
59,-75,-1.4088,2.49975,-0.0006,0,0,4,0.242259837
