compilation,reference,site,Proxy,Latitude,Longitude,recon_anom,ACCESS-ESM1-5,AWI-ESM-1-1-LR,CESM2,CNRM-CM6-1,EC-Earth3-LR,FGOALS-f3-L,FGOALS-g3,GISS-E2-1-G,HadGEM3-GC31-LL,INM-CM4-8,IPSL-CM6A-LR,LOVECLIM,MIROC-ES2L,MPI-ESM1-2-LR,NESM3,NorESM1-F,NorESM2-LM
Hoffman,Hoffman et al. 2017,ODP662,Alkenones,-1.38,-11.74,1.0,-0.014781444091797057,-0.4127256069036964,-0.44903994769287126,0.16937330071434187,0.007400641591658135,-0.7795278762817384,-0.43262517101287845,-0.29419201202392575,-0.10262784557088221,-0.1565523124694826,-0.15081237396394093,-0.08688920360811621,-0.8250097436049294,-0.3404557764602001,-0.12881323515180543,-0.3969955440266928,-0.24324741788228335
Hoffman,Hoffman et al. 2017,GeoB1105,Alkenones,-1.67,-12.43,1.9,-0.06620002278645847,-0.4232635328481697,-0.46992393162028023,0.14589544946251445,0.00442204565297378,-0.7879180492401123,-0.4278044875037672,-0.2979532676696777,-0.1408415324707031,-0.1610133880615235,-0.20174158819551294,-0.09360149432681386,-0.8420122026089453,-0.35226033867109224,-0.11759255729432717,-0.4250061942821079,-0.2741854096561005
Hoffman,Hoffman et al. 2017,GeoB1105,Mg/Ca,-1.67,-12.43,-0.4,-0.06620002278645847,-0.4232635328481697,-0.46992393162028023,0.14589544946251445,0.00442204565297378,-0.7879180492401123,-0.4278044875037672,-0.2979532676696777,-0.1408415324707031,-0.1610133880615235,-0.20174158819551294,-0.09360149432681386,-0.8420122026089453,-0.35226033867109224,-0.11759255729432717,-0.4250061942821079,-0.2741854096561005
Hoffman,Hoffman et al. 2017,GeoB1112,Forams,-5.77,-10.74,0.0,-0.40039331530761707,-0.4901487027595408,-0.6329139683024088,-0.16914350261073802,-0.4056240265632586,-0.8049318493652344,-0.514194087305069,-0.4378977713775634,-0.4638593203124999,-0.26346658401489254,-0.5740505400659218,-0.10806135125816031,-1.0010626722480493,-0.3854126279821644,-0.08640505196698399,-0.5998917758221096,-0.6673347711096866
Hoffman,Hoffman et al. 2017,GeoB1112,Mg/Ca,-5.77,-10.74,0.4,-0.40039331530761707,-0.4901487027595408,-0.6329139683024088,-0.16914350261073802,-0.4056240265632586,-0.8049318493652344,-0.514194087305069,-0.4378977713775634,-0.4638593203124999,-0.26346658401489254,-0.5740505400659218,-0.10806135125816031,-1.0010626722480493,-0.3854126279821644,-0.08640505196698399,-0.5998917758221096,-0.6673347711096866
Hoffman,Hoffman et al. 2017,GeoB1711-4,Alkenones,-23.31,12.38,3.2,-0.18825184676106765,-0.10052783739663114,-0.3479065822219849,0.06134521484009275,-0.46101278966203973,-0.5865289167785644,-0.09153596413135526,-0.36353834697723386,-0.7061245183105469,-0.24343929824829097,-0.7336379428617557,-0.051575271057896825,-0.48240046283447774,0.6380755805697789,0.7750123593424929,-0.3974288930129999,-0.7893683289337154
Hoffman,Hoffman et al. 2017,GeoB1710-3,Alkenones,-23.43,11.7,3.0,-0.2353188464355469,-0.14940827706882862,-0.3509879495620728,0.02585612737056106,-0.4456313973440997,-0.5872264308929444,-0.08604067435264579,-0.3892079633712769,-0.6901678169250488,-0.2362057304382324,-0.7358207026319359,-0.06926446201581676,-0.4830776231524893,0.5523046196011383,0.8003608732686232,-0.45666296329498257,-0.7923569147745766
Hoffman,Hoffman et al. 2017,MD96-2080,Mg/Ca,-36.32,19.47,6.2,-0.18963890454101567,-0.1476196292488983,-0.2932780189242893,0.20861435168304993,-0.11902239112292316,-0.49018885574340826,-0.2150200933742523,-0.285060432434082,-0.22663104235839854,-0.2573240500132243,-0.6088729143635138,-0.28798642256897844,-1.1983145619069773,-0.24618706352157954,0.5123190619611585,-0.521000547536214,-0.40754208340115006
Hoffman,Hoffman et al. 2017,V22-174,Coccolithophore,-10.07,-12.82,-0.7,-0.3866279897460938,-0.4173482038708546,-0.6787277305408053,-0.08827073766253554,-0.45252414259386264,-0.6526150950622558,-0.40943566699981704,-0.4743352353286743,-0.4775873278198243,-0.22961775995890302,-0.738915649960405,-0.16388204489334657,-0.987314425710055,-0.3508597740929191,-0.039210182471285715,-0.7388364607450697,-0.6772932829708523
Hoffman,Hoffman et al. 2017,RC13-228,Forams,-22.33,11.2,-4.9,-0.27060168253580735,-0.21592012423904938,-0.3590960304811266,0.0976186749668659,-0.41988281867274846,-0.6246624713897706,-0.10629721019268046,-0.40200771846771244,-0.6831763439941406,-0.16660262044270824,-0.7936107349149973,-0.09711424258114604,-0.42594354332498335,0.6287428345978204,0.7386397655821426,-0.4418317206276784,-0.7634995565838282
Hoffman,Hoffman et al. 2017,RC13-228,Coccolithophore,-22.33,11.2,0.9,-0.27060168253580735,-0.21592012423904938,-0.3590960304811266,0.0976186749668659,-0.41988281867274846,-0.6246624713897706,-0.10629721019268046,-0.40200771846771244,-0.6831763439941406,-0.16660262044270824,-0.7936107349149973,-0.09711424258114604,-0.42594354332498335,0.6287428345978204,0.7386397655821426,-0.4418317206276784,-0.7634995565838282
Hoffman,Hoffman et al. 2017,RC13-228,Radiolaria,-22.33,11.2,2.6,-0.27060168253580735,-0.21592012423904938,-0.3590960304811266,0.0976186749668659,-0.41988281867274846,-0.6246624713897706,-0.10629721019268046,-0.40200771846771244,-0.6831763439941406,-0.16660262044270824,-0.7936107349149973,-0.09711424258114604,-0.42594354332498335,0.6287428345978204,0.7386397655821426,-0.4418317206276784,-0.7634995565838282
Hoffman,Hoffman et al. 2017,RC13-229,Forams,-25.5,11.3,-0.3,-0.23045957438151038,-0.14797044165927467,-0.3141509265899659,0.033531281929114753,-0.4105661399313145,-0.5142041778564452,-0.12882752448320398,-0.3971326541900635,-0.5333745651245118,-0.1917587757110596,-0.6528286005530756,-0.056867650681858554,-0.6358949230478685,0.29094130205821067,0.8986709260791151,-0.5571322441101072,-0.7961190795898438
Hoffman,Hoffman et al. 2017,RC13-229,Radiolaria,-25.5,11.3,2.4,-0.23045957438151038,-0.14797044165927467,-0.3141509265899659,0.033531281929114753,-0.4105661399313145,-0.5142041778564452,-0.12882752448320398,-0.3971326541900635,-0.5333745651245118,-0.1917587757110596,-0.6528286005530756,-0.056867650681858554,-0.6358949230478685,0.29094130205821067,0.8986709260791151,-0.5571322441101072,-0.7961190795898438
Hoffman,Hoffman et al. 2017,RC11-86,Forams,-35.78,18.45,-0.5,-0.19993333435058597,-0.14583763364373775,-0.2755242303890652,0.216107251555586,-0.10118156677268157,-0.48578638458251966,-0.20009680990576736,-0.2858246929168701,-0.2109310406494142,-0.13430922762552908,-0.6157023539766974,-0.2903436579998124,-1.182249110547152,-0.2572993218511655,0.5015830267002648,-0.5093360586166381,-0.37991940413581
Hoffman,Hoffman et al. 2017,RC11-86,Coccolithophore,-35.78,18.45,3.7,-0.19993333435058597,-0.14583763364373775,-0.2755242303890652,0.216107251555586,-0.10118156677268157,-0.48578638458251966,-0.20009680990576736,-0.2858246929168701,-0.2109310406494142,-0.13430922762552908,-0.6157023539766974,-0.2903436579998124,-1.182249110547152,-0.2572993218511655,0.5015830267002648,-0.5093360586166381,-0.37991940413581
Hoffman,Hoffman et al. 2017,RC12-294,Forams,-37.27,-10.1,1.8,-0.28682590830484966,-0.18712698918982212,-0.22427276030010654,0.15089461034402085,-0.2656521915819422,-0.5516340600967407,0.034748523589969015,-0.3614085383415223,0.09821091807047591,-0.5192129281361892,-0.3489318299152844,-0.1253486889852475,-1.204392043802316,-0.17615029283299688,0.4022531127178782,-0.5330984881083223,-0.23117268767886712
Hoffman,Hoffman et al. 2017,RC12-294,Coccolithophore,-37.27,-10.1,2.6,-0.28682590830484966,-0.18712698918982212,-0.22427276030010654,0.15089461034402085,-0.2656521915819422,-0.5516340600967407,0.034748523589969015,-0.3614085383415223,0.09821091807047591,-0.5192129281361892,-0.3489318299152844,-0.1253486889852475,-1.204392043802316,-0.17615029283299688,0.4022531127178782,-0.5330984881083223,-0.23117268767886712
Hoffman,Hoffman et al. 2017,GeoB10038-4,Mg/Ca,-5.94,103.25,-0.5,-0.3248603698730469,-0.04973779049231661,-0.27178166351318356,0.10979995313358648,-0.30516436917993695,-0.6267664871215821,-0.32476526159047986,-0.3477958259582519,-0.22388580449422202,-0.22969093799591064,-0.6295809065690467,0.057936041590187025,-0.6802539278491656,-0.3782021546598351,-0.14437015626130728,-0.3775600633621217,-0.29915487098693844
Hoffman,Hoffman et al. 2017,GeoB10038-4,Alkenones,-5.94,103.25,-0.9,-0.3248603698730469,-0.04973779049231661,-0.27178166351318356,0.10979995313358648,-0.30516436917993695,-0.6267664871215821,-0.32476526159047986,-0.3477958259582519,-0.22388580449422202,-0.22969093799591064,-0.6295809065690467,0.057936041590187025,-0.6802539278491656,-0.3782021546598351,-0.14437015626130728,-0.3775600633621217,-0.29915487098693844
Hoffman,Hoffman et al. 2017,MD01-2378,Mg/Ca,-13.08,121.79,0.7,0.4980972245279949,0.06320816526566055,0.35032532599894206,0.8502472694286533,0.4977558356788706,0.15332532546997082,0.3188575720286368,0.30196011962890634,0.6903633595377605,0.2329442039489746,0.2566556815392062,0.24710746829045394,-0.15988114114605934,0.4220605747906598,0.7806029809640411,0.34482848098754837,0.23686223353067987
Hoffman,Hoffman et al. 2017,V34-88,Forams,16.52,59.53,-0.7,-0.5397797078043618,-0.09547102859627116,-0.5807591087341315,-0.5772163330403134,-0.34626776388904446,-0.8231229995727543,-1.0529395377993587,-0.8286123852539061,0.01112390301513673,-0.16077278353373203,-0.7416972239540435,-0.1963188798304174,-0.9659185921950669,0.0020234856529253824,-0.35525653740749286,-0.6745074827321379,-0.43057718513488896
Hoffman,Hoffman et al. 2017,RC12-339,Forams,9.13,90.03,-1.2,-0.6594227391357423,-0.08996739899944305,-0.6180682063751222,-0.016491944835099054,-0.2843235429840708,-0.6592995310211183,-0.5445888467091325,-0.6957632367706299,-0.1081040691223145,-0.28299083595275887,-0.4470344382907712,-0.4227230799175515,-0.7233795528137277,-0.5667194792509584,-0.2687769532833914,-0.9566850301255121,-0.8077301547516719
Hoffman,Hoffman et al. 2017,V28-345,Forams,-17.67,117.95,-0.2,0.6229543888346357,0.18432748561040266,0.4612600246302287,0.9093165422794729,0.8600545757776562,0.16704319534301773,0.4409369752526283,0.3921273826599124,0.6911415354410808,0.41455934906005887,0.38955449420870186,0.3179399484231557,-0.09320601686065227,0.580183660428461,0.9412765902218695,0.49719289458592747,0.398497960027059
Hoffman,Hoffman et al. 2017,ODP1018,Alkenones,36.99,-123.27,2.1,0.8978531833496091,-0.33819742150189597,-0.17808205173110983,1.0698239368243545,0.1729686685688785,-0.49757884525299045,0.11239042228937521,0.5408812783813506,0.6419192411041277,-0.10396959705352851,0.30826773593111145,0.7428752307955732,0.5438455809681588,0.08376837599793353,-0.15028876986756354,-0.14766276701927075,0.45995003750801317
Hoffman,Hoffman et al. 2017,MD01-2421,Alkenones,36.02,141.78,3.5,-0.19065226318359357,-1.0199516757665692,-0.5573263687337233,-0.7872011884136945,-0.12204763978443002,-1.2069083636474611,-0.5358270782899857,-0.8618291410446168,0.3207883913116459,-0.4982432105382284,-0.6256274703400327,-0.5205768189231178,-0.8532281577623684,-0.7408123385666396,-1.3023257592966673,-0.7938374340481227,-0.7294020818413622
Hoffman,Hoffman et al. 2017,ODP893,Alkenones,34.28,-120.03,3.4,0.7929152024536132,-0.5070988051950843,0.035108783221774506,1.3599053688466467,0.5081467813739343,-0.4065346055603034,0.40180695571542047,0.741616294555664,0.9245844200592044,-0.18866378463109335,0.3463887096318981,0.6338940153642412,0.4135608323000355,0.2617731528709171,-0.18857151433153002,-0.3311462228054475,0.5389205712890631
Hoffman,Hoffman et al. 2017,ODP1014A,Alkenones,32.8,-118.9,3.0,0.7413512924194349,-0.6863733628023816,0.06195573204888241,1.3043495921942985,0.49056852890122604,-0.4423065605163561,0.22542193865776103,0.6354494018554687,0.8386836764017744,-0.21092336336771517,0.3555152100492368,0.5357247801431589,0.258677088694287,0.014327054253905694,-0.5312527030773422,-0.38894741143120665,0.391855069478353
Hoffman,Hoffman et al. 2017,ODP1012,Alkenones,32.28,-118.38,3.2,0.7139462518920889,-0.7707364380959241,0.028835749613443186,1.3274763163076253,0.51850266479125,-0.42979371963500984,0.21510422917127625,0.6302202853393553,0.8862432633972166,-0.20743076057434165,0.3340006610679683,0.4931062841385348,0.1955457953047619,-0.048897657970731916,-0.6322573827663035,-0.38580399739583493,0.37907198806762576
Hoffman,Hoffman et al. 2017,LAPAZ21,Alkenones,22.98,-109.47,2.5,0.6915050025634764,-0.37736937829864614,-0.08430534994506908,-0.07057534873690413,-0.15000039807694987,-0.26760905548095726,-0.049106096659899345,0.05774776092529276,0.4883062008666992,-0.49851932964324963,-0.2663171835863166,0.16121560930056328,-0.6639544006761746,-0.0031230176762037654,-0.33880707593357207,-0.10604669893900631,-0.18702794172922804
Hoffman,Hoffman et al. 2017,ODP1145,Mg/Ca,19.53,117.63,-1.5,-0.21717230017089884,-0.651887190415531,-0.38917117550659225,-0.11302657979494027,-0.20070131524213675,-0.7246660951995855,-0.7658334820956005,-0.4885726013946536,-0.02034841796875019,-0.34042577705383337,-0.5864376946114768,-0.6104120499767169,-1.2353088443670899,-0.5177925268488269,-0.09140679443208244,-0.6435902650451665,-0.6661068653678899
Hoffman,Hoffman et al. 2017,ODP1146,Alkenones,19.45,116.27,0.3,-0.2944322047932944,-0.6210601879301841,-0.4545587151124746,-0.09935705626901999,-0.19122727968547804,-0.7684421249389654,-0.8591069902628669,-0.5341130435943604,-0.06217960301717133,-0.40511873817443866,-0.602987809277751,-0.5581576625864045,-1.2699134943590167,-0.5756372391728574,-0.14260864056691425,-0.7261053100691905,-0.7408602452384105
Hoffman,Hoffman et al. 2017,MD97-2151,Alkenones,8.73,109.87,0.5,-0.26511080529785125,0.1888623695918789,-0.3997107366409301,0.4963831526827737,0.08638292564100153,-0.5271242716979978,-0.5990957838219404,-0.10024248100280753,0.08299211218261748,-0.36463703384399415,-0.05400695922659221,-0.16159395543644198,-0.7237268981272551,0.032878638478279376,0.19764177927935306,-0.40578862140655486,-0.41543075881957986
Hoffman,Hoffman et al. 2017,GIK17961-2,Alkenones,8.5,112.33,0.7,-0.0019258931477866524,0.0872604540776739,-0.26177938876681867,0.5489545284664179,0.1659304331484039,-0.4566954421997071,-0.37143236386775946,-0.05160517501831058,0.255013436381022,-0.33443262736002605,0.0021550876921208016,-0.15734759680543847,-0.6700319583093108,0.043478367491391015,0.27663095600142124,-0.3368854191038344,-0.34095441786448166
Hoffman,Hoffman et al. 2017,W8402A,Alkenones,0.95,-138.95,1.2,-0.29701168619791657,-0.7374498646210615,-0.5603989821539985,-0.0996995777414612,-0.22728636376604835,-0.6468456420898437,-0.2926884177029129,-0.4793589515686036,-0.2548967191060384,-0.7348563957214356,-0.3557500007825665,-0.4729301401678262,-1.290176271196472,-0.7174980106416734,-0.0031494020858667216,-0.34981932904985213,-0.5133499505254959
Hoffman,Hoffman et al. 2017,TR163-22,Mg/Ca,0.5,-92.4,-1.4,-0.20754156494140596,-0.22721381990947065,-0.13621771325005405,0.18862737940600327,0.24338026160668227,-0.46001182556152304,0.12172894716262872,-0.31985190391540497,0.29660206985473636,0.15104605356852263,-0.24895360068603486,-0.24577175794763542,-0.8407683400905606,-0.07545690606193405,0.39570147069421,0.03596419334411524,0.21008004612392792
Hoffman,Hoffman et al. 2017,ODP846,Alkenones,-3.08,-90.82,0.6,-0.19531667521158846,0.0008780392003697284,-0.14040930405680327,0.2822695360727247,0.15709374515025376,-0.22672124237060542,-0.003695855226516293,-0.27346800140380867,0.23066129889933287,-0.03760469195047991,-0.45454058318387547,0.08034188304393809,-0.869741433345584,-0.10175617408487067,0.4113836542457223,-0.04520650275336348,-0.12960984814113932
Hoffman,Hoffman et al. 2017,V19-29,Forams,-3.57,-83.22,-1.2,-0.16952110961914102,-0.03214372762283238,-0.1679078075739533,0.2785576110282014,0.15420860675522713,-0.2721064215087889,0.14474620838284577,-0.3923316683959927,0.301902486114505,0.015610828399660905,-0.4518562556876261,0.4000446320714251,-1.0183371902793414,-0.3455770832086393,0.28308073563827424,-0.4713570312627129,-0.35545762524922536
Hoffman,Hoffman et al. 2017,MD06-3018,Mg/Ca,-23.0,166.13,3.5,-0.11372014261881519,0.3258126252713666,-0.07048907123141797,0.48580798143573284,0.24813430605245565,-0.2816690444946289,-0.005936843633651712,-0.10757977294921878,0.39393244552612305,0.10222650527954102,-0.05819199673875604,0.1299436896403241,-0.06471607860886427,0.5299711739446445,0.8519172998407545,-0.043295777638753224,-0.18493675571017773
Hoffman,Hoffman et al. 2017,V28-238,Forams,1.02,160.48,-0.4,-0.13632609183756514,-0.5728039375272073,-0.417032876953125,0.0521510465587028,-0.08078276729559919,-0.32167824127197264,-0.1799317834663389,-0.40136989990234373,-0.08784215207926417,-0.330250537109375,-0.3821108859971009,-0.35929148396027843,-0.6083669539884813,-0.7716459729076475,0.1062241031590025,-0.38072529607137034,-0.2571087951151531
Hoffman,Hoffman et al. 2017,Y71-6-12,Radiolaria,-16.45,-77.57,1.1,-0.3323485786946616,-0.3810534638250825,-0.21670167247772212,-0.21155055663685904,-0.8637698193758869,-0.3122646213531497,-0.034628586339949544,-0.3760132472991942,-0.13507986668904587,-0.27659758122761985,-0.7920119328811471,-0.1767848136093775,-0.7410194765248136,-0.7574305789344613,-0.4177667418823323,-0.2541520457055832,-0.37707466603385054
Hoffman,Hoffman et al. 2017,MD01-2444,Alkenones,37.57,-10.13,2.5,1.195088621907552,0.4664809365700353,-0.26866293707360156,0.5727164980451683,0.7077740874909332,-0.0552271620941161,-0.12099817905455827,0.10829180610656747,0.29842327478027336,-0.4311299575805666,-0.7739464554013944,0.23805567598298252,-0.03073582411607741,-0.21672144647439648,-0.6185011602935648,-0.18695582647747444,-0.07934310461256193
Hoffman,Hoffman et al. 2017,MD01-2444,Mg/Ca,37.57,-10.13,4.0,1.195088621907552,0.4664809365700353,-0.26866293707360156,0.5727164980451683,0.7077740874909332,-0.0552271620941161,-0.12099817905455827,0.10829180610656747,0.29842327478027336,-0.4311299575805666,-0.7739464554013944,0.23805567598298252,-0.03073582411607741,-0.21672144647439648,-0.6185011602935648,-0.18695582647747444,-0.07934310461256193
Hoffman,Hoffman et al. 2017,MD02-2575,Mg/Ca,29.0,-87.11,3.2,0.276076963297526,0.07861737223161304,-0.17337384474012643,0.3719233804929277,0.5298091210373448,-0.4956763801574704,-0.2490208636522283,-0.019991989135742138,0.5942805437723793,-0.28998175938924187,0.04179617093315511,0.09556478319973014,0.04691058831383269,0.2979994997381521,-0.3895073942167384,0.09884756448533719,0.09227413410610577
Hoffman,Hoffman et al. 2017,M35027-1,Forams,17.64,-67.17,-1.6,0.4649135544433593,-0.1776947121285475,-0.16613206356811488,0.39071509542252825,0.36047963600739485,-0.23412041793823227,-0.1701596878337858,-0.05980419677734381,0.5835998112182618,-0.05278862018585262,0.09007123762919311,-0.04379154732879596,-0.2220004628644512,-0.17162532095061905,-0.16470282080118967,0.08464313331604009,0.10084415718078632
Hoffman,Hoffman et al. 2017,MD03-2707,Mg/Ca,2.5,9.39,-0.8,0.1698252563476562,-0.029461684307751236,-0.27171858194139276,-0.03425204249712761,-0.06384762444507212,-0.3955486907958985,-0.07697411209344837,-0.4766670875549317,-0.21069614410400395,-0.20241900444030766,-0.40343766351411914,-0.6349604920152366,-0.7301971615646174,-0.15719915231404974,-0.5118392005390411,-0.3877103443145752,-0.2843766501744587
Hoffman,Hoffman et al. 2017,GIK15637-1,Forams,27.0,-18.98,0.0,0.4588837137858079,0.1916213083036093,-0.42068934402465863,0.7132912482626279,0.8892448379950486,-0.25286730575561484,-0.3930048216581339,0.2397910003662112,0.6530784571329766,0.5923180389404304,-0.07737738647460807,0.5340355548853021,0.039899036300810924,-0.04772325013943371,-0.09128718498412257,-0.31119298171996934,-0.3848946075439454
Hoffman,Hoffman et al. 2017,M12392-1,Forams,25.16,-16.85,-3.2,0.24040999735514842,0.632426653155432,-0.4740948437669532,0.7894145905768805,0.8069146595079899,-0.4666942008972138,-0.5209683994293204,0.3304699218750001,0.49582050277710055,0.4738816442489644,-0.3186100292960561,0.7804564101986388,-0.008511824173780675,0.6827746242763539,0.7319250809040043,-0.6816913080427299,-0.5033301106346946
Hoffman,Hoffman et al. 2017,TR126-29,Forams,21.33,-93.95,-1.2,0.23826181884765646,-0.4004644568003869,-0.23176379325866653,0.2714716309072857,0.18702153656886197,-0.3293350154876705,-0.047110497474670034,-0.1638928676605224,0.39176113357543896,0.023116390228271354,-0.08371522890671482,-0.00870772330582908,0.09241073509834302,-0.03795267554552386,-0.1289966255375382,0.08659354515075694,-0.02133721609115602
Hoffman,Hoffman et al. 2017,TR126-23,Forams,20.48,-95.62,-1.0,0.26746687072753905,-0.37525881174877096,-0.32276487241617874,0.2723993911723844,0.207202988303613,-0.42796557098388704,-0.10836438789367729,-0.21392438690185553,0.4384278377888997,0.22435693944295265,-0.0783839656577443,-0.06291648283806713,-0.09608414219674836,-0.015952934875954207,-0.166323938686787,0.10408969889322923,0.006329647182888442
Hoffman,Hoffman et al. 2017,V22-196,Forams,13.83,-18.97,0.1,-0.42088632722981617,-1.0610132955864313,-0.82300446834564,-0.07377513335890992,-0.05781437222981205,-0.4665975276946972,-0.47692808257162206,-0.13924804046630845,0.9811926748148562,0.4085113639831557,-0.6063676165771259,-0.05262511977781721,-1.1590759983873664,0.36032264924071356,-0.6202906152767844,-0.7635756026204368,-1.192644416993455
Hoffman,Hoffman et al. 2017,V28-127,Forams,11.65,-80.13,-0.2,0.02125592529296859,-0.23844301531736692,-0.34659536062028673,0.2429614819255128,0.1899172131531131,-0.4750884048461916,-0.6212022577106949,-0.27713690948486336,0.37920639541625967,-0.06676384607950869,-0.28000265674116787,-0.08661078277258813,-0.3727348851855813,-0.20126913530565954,-0.2553971690523113,-0.15653699223200487,-0.16456173052257966
Hoffman,Hoffman et al. 2017,V25-59,Forams,1.37,-33.48,-0.9,-0.3347716417236331,-0.00796272088528771,-0.46345498402150453,0.04028768977728991,-0.006103169475857767,-0.6823311611175535,-0.38946337697982647,-0.19072008029937745,0.14232585665893563,-0.11212923838297528,-0.13696767194406045,-0.07487702447338618,-0.7502072923074208,-0.08526009442283475,0.13377304597513853,-0.5753587664625381,-0.4276247300889759
Capron,Capron et al. 2017,NEEM,Water isotopes,77.49,-51.2,7.3,2.389268225911459,0.3022758984505218,1.0868548690795898,2.034984763889522,3.999802414618496,0.2223083209991455,1.4771804058888551,0.2517353637695309,2.344251103312175,0.9689674224853527,0.9257954348424493,2.584183460001409,0.6190839283402576,0.5615915694962216,0.5975367012681322,0.6235578237533568,1.2014939226150514
Capron,Capron et al. 2017,SU90-08_Alk,Alkenones,43.35,-30.41,3.2,0.9650356117757168,0.536630801737226,-0.6743649199104316,0.6723843892655454,0.7006094895297333,-0.1957115425109871,0.28499224457442845,0.24339371566772447,0.1974742578379294,-0.49924034976959364,-0.036925538733904265,-0.2664262710162506,-0.19749296230449384,-0.4066934620860256,0.0693097504418024,0.0962297327995302,-0.005433926645915237
Hoffman,Hoffman et al. 2017,M23323,Alkenones,67.77,5.92,-3.5,1.8706828676249188,-1.39422842270608,0.38150122269821163,1.2202584060195036,4.8978228294595265,0.549737107329368,1.4592718169078878,1.1808174848723398,2.1145723424860634,0.4277218250274654,0.6837552017834162,0.2235248874959664,-0.057798054604675776,0.0820110264442437,-2.4791441605889615,0.026259681253433524,-0.13762175176143746
Hoffman,Hoffman et al. 2017,V28-14,Forams,64.78,-29.57,2.3,5.116182562642418,-0.20566040324388588,1.147733281495408,1.4636148996495977,6.972146225883035,0.4690355265521997,1.1195497217406434,0.7144783326721194,2.992216794094086,1.077453281466166,0.6932744163507168,0.14595597820092177,1.6322517665158593,0.35604783694659714,1.3180525946966575,0.333192485343355,0.9629085733612427
Hoffman,Hoffman et al. 2017,V27-20,Forams,54.0,-46.2,3.6,4.674102558135985,0.0920810630187717,0.9070830764770511,1.113395019412096,8.792109528473816,-0.36981118679046604,1.3967610806226727,0.04260279655456538,2.054957317352294,-0.8023160696029674,-0.30396523857116686,-0.3785586965804179,-0.03166073662936866,-0.161782329207097,0.28157700353023773,-0.38317493438720696,0.20947343826293938
Hoffman,Hoffman et al. 2017,M23414-9,Forams,53.53,-20.29,0.2,2.361642853983562,0.6781227622749287,-0.10562145581139337,0.5660076334871077,2.997592441399446,0.053726366672516804,0.4551213888418677,0.12988375259399393,1.0070692548929856,0.19183519357045525,-0.08813964979138314,0.3466452359151506,-0.022599252604397,-0.5637784030224787,-0.6015356923188334,-0.2588338652165717,-0.5000166357326514
Hoffman,Hoffman et al. 2017,V23-82,Forams,52.58,-21.93,-2.5,2.1702420364379877,0.9919316398297304,-0.2559633648724038,0.504967037601986,2.7504324633737913,0.16347128944397032,0.4722483263516427,0.10415159591674797,0.8807980233764647,0.1233902310689288,-0.0651273952160645,0.29659294257591934,-0.14038315894706294,-0.6086606455396611,-0.47124991117162385,-0.13055117880079434,-0.6255437446318737
Hoffman,Hoffman et al. 2017,K708-1,Forams,50.0,-23.74,0.5,1.7340962168375649,0.7188552766523439,-0.5709158494737414,0.3816533562618547,2.1191085201163724,0.23812463378906282,0.4574220985174185,0.09309852027893055,0.5618500315348307,-0.47433968385060693,-0.1472801754226652,0.18383841828099923,-0.3596549413720457,-0.5788212601744341,-0.11769464844136482,-0.2570186648898658,-0.7959290415445964
Hoffman,Hoffman et al. 2017,V29-179,Forams,44.0,-23.51,0.1,0.8825797836303712,0.4612541941815902,-0.5039374851650666,0.6363134964006447,1.816958366557944,-0.10774909400939946,0.2392013155221941,0.24461713790893563,0.6503910438537606,-0.3736643131573988,0.06021155140239559,0.03816829637030798,-0.1633648620160127,-0.47728152567383847,-0.10581083725343624,-0.027165943145752398,-0.13868124622768957
Hoffman,Hoffman et al. 2017,Y7211-1,Radiolaria,43.25,-126.38,-3.0,1.2106577596028638,-0.3200409993069745,-0.20122303054597657,0.7715453394362175,0.38011537153414066,-0.431138943672179,0.20075729711353785,0.4162640247344966,0.5602892808278402,-0.1396609210968022,0.21586407559364257,0.8023143250495585,0.03158859312094554,-0.1955043184549021,0.2883763511050509,-0.16581232240464971,0.17589836857053953
Hoffman,Hoffman et al. 2017,D-117,Forams,42.1,-52.75,1.4,0.151764600118001,-1.36645821766465,-0.6262654442257349,0.555073941121945,-0.08782213091994816,-0.6854063796997073,0.7690696290135379,0.1209996223449706,0.4765097223917646,-0.9492725451787316,0.24981477868262653,-0.3984221098454655,-0.7847370932450961,-0.8847301203531562,0.5200662864902266,-0.5861577826076121,-0.6414549401071367
Hoffman,Hoffman et al. 2017,V30-97,Forams,41.0,-32.93,-0.9,1.038056436157227,0.2734066095877967,-0.4942237328847256,0.7934570019311886,0.5338379965558329,-0.23905456161499034,0.22477116656303414,0.33682861328124997,0.3826139077504473,-0.18523682196935048,-0.007503380407881172,-0.2943209877746435,-0.009046753652847943,-0.37188046556620513,0.2231903645137669,0.210458455827501,0.1618009102079601
Hoffman,Hoffman et al. 2017,ODP1020,Alkenones,41.0,-126.43,1.4,1.2476690109252941,-0.332704446979995,-0.20939352522955976,0.6896724335970481,0.21264925075932137,-0.4488586311340308,0.0684491591155558,0.361394332885743,0.47765002504984483,-0.11417394638061451,0.19822630061010157,0.8123977163404124,0.1430569662197871,-0.1681310393902246,0.16789334487663593,-0.17254336876339352,0.1790840126673382
Hoffman,Hoffman et al. 2017,MD95-2040,Alkenones,40.58,-9.87,0.0,1.3037169873046872,0.44059730348738185,-0.10769518613857877,0.5732310064776392,0.9322018017580322,0.0015716624450678172,-0.22682060396135217,0.17993959228515594,0.473408398483276,-0.31582734727859635,-0.6349902397577066,0.26154687432744217,-0.021080913008056982,-0.2306316646969701,-0.6037042054018704,-0.04636590850618277,0.0367993564478538
Capron,Capron et al. 2017,EDML,Water isotopes,-75.0,0.0,0.9,1.0015430450439453,0.29152059377167117,0.4463891983032227,0.596843121872248,-0.120136971035603,,0.5696336690965145,,,0.5475883483886719,0.5233344789283088,0.9513661161069855,-0.01898767680361889,0.6012211758608622,1.1285977298041798,-0.38808822631835954,0.2702713012695312
Capron,Capron et al. 2017,EDC,Water isotopes,-75.1,123.35,2.9,1.4037123026529938,0.42312630374298993,0.054136044396294124,0.9062260664685226,-0.05256775585863849,-0.041513259887695685,0.9059248098846775,-0.3001017990112308,0.3585112843831372,0.22881216367085844,0.5307451016938787,0.43830705163995454,0.3760817999410675,0.5217138909078779,1.1346077276655264,0.42243518956502313,0.22220293384128134
Capron,Capron et al. 2017,Dome F,Water isotopes,-77.32,39.7,3.3,1.6329273307291665,0.9453490858113065,0.3393081351386176,1.0526798237490083,0.20090691694095353,0.25402120819091806,1.1177186072693743,-0.17245673828124997,0.9238705876668284,0.5011193021138508,0.6293430025561324,0.5110291947702582,0.11523560098287677,0.7890579284271323,1.6239132903385052,0.29026145985921104,0.5371139960394966
Capron,Capron et al. 2017,Vostok,Water isotopes,-78.47,106.87,1.9,1.6032910383300782,0.5277303937518536,0.24644678788926866,0.8204265953883356,-0.11301567916820604,0.10009893295288082,1.0188125709467024,0.08013403320312498,0.7252002442830403,0.14371057001749696,0.4274423166314763,0.47540149070630466,0.16449665173768024,0.4756884975322969,1.4167957001829548,-0.03188642743004609,0.4450055331759984
Capron,Capron et al. 2017,MD97-2121_B,Alkenones,-40.22,177.59,5.1,-0.23018100105794237,0.2345590873611585,-0.09308065098910873,0.6031239525756825,0.26081537719775677,-0.09804988540649481,0.2818349408918617,0.05273204612731934,0.3039717484029134,0.08650694815317823,-0.07701153486908086,0.10089919970294817,-0.037157788165489584,0.43972000203376516,0.7570023836374182,-0.07333977483537438,-0.24034820670021895
Hoffman,Hoffman et al. 2017,MD97-2121,Alkenones,-40.38,177.98,7.0,-0.19068491276041774,0.24518435268558908,-0.05342053073374505,0.6302817943148991,0.2755020527415792,-0.06736690170288182,0.2449964292776593,0.0689216585159301,0.3119749228413899,0.1328576221466054,-0.0527145385047157,0.13779101061891674,-0.06464832691948155,0.46025676381334385,0.7976864642404049,-0.041105344594320394,-0.19667650515238488
Hoffman,Hoffman et al. 2017,RC15-61,Radiolaria,-40.62,-77.2,-3.7,-0.01257108571370261,-0.2992131414034844,0.0018213792165120085,0.006916004834749125,-0.1948309078086105,-0.2538744941711424,0.05493595867156981,-0.4154560655593872,0.0493426565043135,-0.47070487213134743,-0.2412839159513514,0.20574411167083662,-0.40100664264621805,-0.4765654065083441,0.4025738127951877,-0.31525668233235693,-0.11487512811025036
Hoffman,Hoffman et al. 2017,ODP1089,Alkenones,-40.93,9.9,11.5,-0.7833497418212889,-0.10896357515545065,-0.24506143564436175,0.18438156965988267,-0.2729850214738176,-0.7328989099502564,-0.14489190989136702,-0.38965016059875485,-0.3137590447998047,-0.48115820757548017,-0.9009188490997359,-0.10097924384560139,-0.9162536736638305,-0.42931621460559755,0.587470484880468,-0.2032450272136265,-0.16982569839689465
Hoffman,Hoffman et al. 2017,ODP1123,Forams,-41.79,-171.5,4.8,0.18981811065673843,0.3511532263170455,0.33155576047897317,0.6797946116481014,0.31207377751673165,0.32215936946868895,0.42787887680530545,0.16393722772598265,0.4593412409464518,0.0268914222717285,0.2223455552054599,0.30326393515894534,-0.02930518301702816,0.6790405615925297,0.9620458742689113,0.2759290793736775,0.24015808184941584
Hoffman,Hoffman et al. 2017,PS2489-2,Forams,-42.9,8.97,1.0,-0.5871319577026368,-0.19507920370452062,-0.15597926152547206,0.2390738051808722,-0.20125904307619155,-0.721361994934082,0.005748476147651189,-0.3815757698059082,-0.28028582580566397,-0.5247653002738952,-0.7658653022825993,0.0866112140288195,-1.0669399691823742,-0.21976506339049948,0.5321925380943942,0.012112007967631573,-0.1903940502802531
Hoffman,Hoffman et al. 2017,MD73-25,Radiolaria,-43.82,51.3,-6.8,-0.1087860375976562,-0.1539458514746546,-0.23535796314663351,0.3337784796782664,-0.46304692969280004,-0.7607051750183105,0.37711906156539887,-0.3273344818115234,-0.2857464781951905,-0.2724093894958495,-0.4992142623609273,0.20327944031939288,-0.5591078503027709,-0.11019423674729546,0.40317618049633347,-0.5618156681908504,-0.2135798957824706
Hoffman,Hoffman et al. 2017,MD97-2106,Forams,-45.15,146.29,3.2,0.024354948832194877,0.9476385993041776,0.3091074445660909,0.33208424269542836,-0.23611457912221115,-0.4412390794754032,0.719175613902509,-0.24201698036193886,-0.026707021382649788,-0.36625501918792736,-0.029838858977006402,-0.06342859234853057,0.11789671425121451,0.5732695892540505,0.8773150265580519,-0.09893536580403689,0.17489741490681932
Hoffman,Hoffman et al. 2017,DSDP594,Forams,-45.5,174.95,0.5,-0.15332248687744124,0.23363427150877747,-0.17188413323296395,0.3920470672068533,-0.17522208736688405,0.0002466201782227494,0.5792545254528519,-0.04009490013122549,0.22146931266784672,-0.028104654947918348,0.047969778123685,-0.015732445154115853,0.35872089792342915,-0.035996616097489456,0.5754995735898569,-0.27870701922310676,-0.2935588086975939
Hoffman,Hoffman et al. 2017,MD97-2120,Mg/Ca,-45.52,174.93,7.7,-0.1509720455932615,0.23421709549746608,-0.17032533608669703,0.3926166417852962,-0.17396644386943239,0.0008435018920898555,0.5802060411500933,-0.03991225234985357,0.2218352067718506,-0.030140436045327627,0.050478735149007255,-0.016304985703045383,0.3596836974052108,-0.030090203637377737,0.574991601299047,-0.2766200649515791,-0.28981595386081327
Hoffman,Hoffman et al. 2017,MD88-770,Diatoms,-46.01,96.47,1.9,0.6220094765624996,0.6062255132800377,0.09261726554552704,0.9156303718283909,0.06305194922966767,-0.26312195919036874,0.9717594047906992,-0.020423786716461216,0.3469294045791625,0.06173257360458358,0.10683068202257126,0.10045045764402367,0.03674604617451969,0.5322771826401516,0.9035108429426739,-0.07465699510362356,-0.03364218606948854
Hoffman,Hoffman et al. 2017,Y9,Forams,-48.24,177.34,4.0,0.1324899695434573,0.2453176995692173,0.03996796606445299,0.3507054963206262,-0.19506516321145584,0.07475385047912597,0.726982735774517,-0.010775835762023867,0.25884298847707116,-0.14497469005584782,0.22036787010888442,0.06468493096335513,0.4491611793802907,0.00842658622550952,0.5566504736897117,-0.041017579956054775,0.11190285644531248
Hoffman,Hoffman et al. 2017,MD97-2108,Forams,-48.5,149.11,1.9,0.38966315612792934,0.5360198624008693,0.5045702401267157,0.4418446657005086,-0.1133043084354797,-0.04654628372192346,0.8213664167225363,-0.12633733749389636,0.12210788281758639,0.03859770536422731,0.14902779572011227,-0.05177996194192013,0.28776417360902,0.6480070550387311,0.6595818860696544,0.012857755237155558,0.34882349183824335
Hoffman,Hoffman et al. 2017,MD97-2109,Forams,-50.63,169.38,-1.4,0.4504807739868165,0.2933567750011631,0.4406807862103782,0.40694068574708125,-0.03181161766754682,0.09634886156082154,0.7290753186354042,0.030753161945342992,0.26719536693572987,0.03414209531148277,0.2811020550616872,0.08634091543743216,0.43775871218097784,0.569352780520382,0.6186197417153464,0.2358044264369542,0.35231197913275836
