,Table S3. Low latitudes (40S-40N) Annual,,,,,,,,
,,,,,,,,,
Compilation reference,Site Name,Latitude,Longitude,Proxy,Anom-2SD,Anom-1SD,Anom,Anom+1SD,Anom+2SD
Hoffman et al. 2017,ODP662,-1.38,-11.74,Alkenones,-0.5,0.2,1.0,1.8,2.6
Hoffman et al. 2017,GeoB1105,-1.67,-12.43,Alkenones,0.2,1.0,1.9,2.8,3.7
Hoffman et al. 2017,GeoB1105,-1.67,-12.43,Mg/Ca,-2.2,-1.3,-0.4,0.5,1.5
Hoffman et al. 2017,GeoB1112,-5.77,-10.74,Forams,-3.4,-1.7,0.0,1.3,2.6
Hoffman et al. 2017,GeoB1112,-5.77,-10.74,Mg/Ca,-1.3,-0.5,0.4,1.3,2.2
Hoffman et al. 2017,GeoB1711-4,-23.31,12.38,Alkenones,1.1,2.1,3.2,4.0,4.7
Hoffman et al. 2017,GeoB1710-3,-23.43,11.7,Alkenones,1.0,2.0,3.0,3.7,4.4
Hoffman et al. 2017,MD96-2080,-36.32,19.47,Mg/Ca,4.7,5.4,6.2,7.1,8.0
Hoffman et al. 2017,V22-174,-10.07,-12.82,Coccolithophore,-3.8,-2.3,-0.7,1.0,2.6
Hoffman et al. 2017,RC13-228,-22.33,11.2,Forams,-8.2,-6.6,-4.9,-2.5,-0.1
Hoffman et al. 2017,RC13-228,-22.33,11.2,Coccolithophore,-2.2,-0.7,0.9,2.7,4.5
Hoffman et al. 2017,RC13-228,-22.33,11.2,Radiolaria,-0.2,1.2,2.6,4.0,5.5
Hoffman et al. 2017,RC13-229,-25.5,11.3,Forams,-3.1,-1.7,-0.3,0.8,2.0
Hoffman et al. 2017,RC13-229,-25.5,11.3,Radiolaria,0.0,1.2,2.4,3.6,4.8
Hoffman et al. 2017,RC11-86,-35.78,18.45,Forams,-2.6,-1.5,-0.5,0.7,1.8
Hoffman et al. 2017,RC11-86,-35.78,18.45,Coccolithophore,0.5,2.1,3.7,5.3,7.0
Hoffman et al. 2017,RC12-294,-37.27,-10.1,Forams,-1.6,0.1,1.8,3.5,5.2
Hoffman et al. 2017,RC12-294,-37.27,-10.1,Coccolithophore,-0.8,0.9,2.6,4.3,5.9
Hoffman et al. 2017,GeoB10038-4,-5.94,103.25,Mg/Ca,-2.3,-1.4,-0.5,0.6,1.6
Hoffman et al. 2017,GeoB10038-4,-5.94,103.25,Alkenones,-2.4,-1.7,-0.9,-0.1,0.7
Hoffman et al. 2017,MD01-2378,-13.08,121.79,Mg/Ca,-1.5,-0.4,0.7,1.7,2.6
Hoffman et al. 2017,V34-88,16.52,59.53,Forams,-2.8,-1.8,-0.7,0.5,1.7
Hoffman et al. 2017,RC12-339,9.13,90.03,Forams,-3.2,-2.2,-1.2,-0.1,0.9
Hoffman et al. 2017,V28-345,-17.67,117.95,Forams,-2.4,-1.3,-0.2,0.9,2.0
Hoffman et al. 2017,ODP1018,36.99,-123.27,Alkenones,-2.8,-0.4,2.1,5.0,7.8
Hoffman et al. 2017,MD01-2421,36.02,141.78,Alkenones,2.0,2.7,3.5,4.2,4.9
Hoffman et al. 2017,ODP893,34.28,-120.03,Alkenones,1.7,2.6,3.4,4.3,5.1
Hoffman et al. 2017,ODP1014A,32.8,-118.9,Alkenones,0.1,1.5,3.0,3.6,4.3
Hoffman et al. 2017,ODP1012,32.28,-118.38,Alkenones,0.9,2.0,3.2,3.9,4.6
Hoffman et al. 2017,LAPAZ21,22.98,-109.47,Alkenones,0.9,1.7,2.5,3.3,4.2
Hoffman et al. 2017,ODP1145,19.53,117.63,Mg/Ca,-3.5,-2.5,-1.5,-0.5,0.4
Hoffman et al. 2017,ODP1146,19.45,116.27,Alkenones,-1.5,-0.6,0.3,1.1,1.9
Hoffman et al. 2017,MD97-2151,8.73,109.87,Alkenones,-1.4,-0.5,0.5,1.4,2.3
Hoffman et al. 2017,GIK17961-2,8.5,112.33,Alkenones,-0.8,0.0,0.7,1.5,2.3
Hoffman et al. 2017,W8402A,0.95,-138.95,Alkenones,-0.3,0.5,1.2,2.0,2.8
Hoffman et al. 2017,TR163-22,0.5,-92.4,Mg/Ca,-3.2,-2.3,-1.4,-0.4,0.6
Hoffman et al. 2017,ODP846,-3.08,-90.82,Alkenones,-1.1,-0.3,0.6,1.5,2.4
Hoffman et al. 2017,V19-29,-3.57,-83.22,Forams,-4.1,-2.7,-1.2,0.1,1.5
Hoffman et al. 2017,MD06-3018,-23,166.13,Mg/Ca,1.8,2.6,3.5,4.5,5.4
Hoffman et al. 2017,V28-238,1.02,160.48,Forams,-2.7,-1.5,-0.4,0.8,2.0
Hoffman et al. 2017,Y71-6-12,-16.45,-77.57,Radiolaria,-3.7,-1.3,1.1,3.2,5.3
Hoffman et al. 2017,MD01-2444,37.57,-10.13,Alkenones,-3.2,-0.4,2.5,3.5,4.5
Hoffman et al. 2017,MD01-2444,37.57,-10.13,Mg/Ca,1.9,3.0,4.0,5.0,6.0
Hoffman et al. 2017,MD02-2575,29,-87.11,Mg/Ca,1.2,2.2,3.2,4.2,5.1
Hoffman et al. 2017,M35027-1,17.64,-67.17,Forams,-4.0,-2.8,-1.6,-0.6,0.5
Hoffman et al. 2017,MD03-2707,2.5,9.39,Mg/Ca,-2.5,-1.6,-0.8,0.2,1.2
Hoffman et al. 2017,GIK15637-1,27,-18.98,Forams,-1.8,-0.9,0.0,0.9,1.9
Hoffman et al. 2017,M12392-1,25.16,-16.85,Forams,-5.7,-4.5,-3.2,-1.9,-0.7
Hoffman et al. 2017,TR126-29,21.33,-93.95,Forams,-3.0,-2.1,-1.2,-0.4,0.5
Hoffman et al. 2017,TR126-23,20.48,-95.62,Forams,-2.9,-2.0,-1.0,-0.2,0.7
Hoffman et al. 2017,V22-196,13.83,-18.97,Forams,-5.5,-2.7,0.1,1.5,2.8
Hoffman et al. 2017,V28-127,11.65,-80.13,Forams,-2.5,-1.4,-0.2,1.0,2.3
Hoffman et al. 2017,V25-59,1.37,-33.48,Forams,-2.9,-1.9,-0.9,0.2,1.2
